!	.
"	"
'	հաջողության
'Αγγ	անգլիացիներին
'Αγγελος	Ախ
'Αγγλοι	զորքը
'Ακου	սա
'Αλλο	Չքնեք
'Αλλοι	Ասում
'Αντρα	ամուսին
'Αντρας	Այո
'Αξιε	Ազնիվ
'Ασε	Դյութանքից
'Αφησε	նրանով
'Ελα	Եկ
'Εμαθες	Լսել
'Ενα	Անտառն
'Ενας	Մեկ
'Επρεπε	Եթե
'Ετσι	Նույնիկս
'Εφτασα	Հիմա
'Εφυγε	Անգլիա
'Εχει	Հայր
'Εχεις	Դեմքիդ
'Εχουμε	ի՞նչ
'Η	թունավոր
'Ηδη	Նրան
'Ηρθε	պահն
'Ηταν	չարագուշակ
'Ο	Այն
'Ολα	Ողջը
'Ολες	փախչեն
'Ολοι	Մենք
'Ομορφή	Իմ
'Οποιος	Դրանից
'Οπως	Մարդիկ
'Οσο	Ճիշտ
'Οσοι	Նրանք
'Οταν	եբ
'Οχι	Ոչ
'Ω'	"Ֆ
'αγγ	անգլիացիներին
'αγγελος	ախ
'αγγλοι	զորքը
'ακου	սա
'αλλο	չքնեք
'αλλοι	ասում
'αντρα	ամուսին
'αντρας	այո
'αξιε	ազնիվ
'ασε	դյութանքից
'αφησε	նրանով
'γγελος	ֆիլմը
'δω	կողմը
'δωσε	թեթև
'ελα	եկ
'εμαθες	լսել
'ενα	անտառն
'ενας	մեկ
'επρεπε	եթե
'ετσι	այդպե՞ս
'εφτασα	հիմա
'εφυγε	անգլիա
'εχει	հայր
'εχεις	դեմքիդ
'εχουμε	ի՞նչ
'η	թունավոր
'ηδη	նրան
'ηρθε	պահն
'ηταν	չարագուշակ
'κει	կգնամ
'κουσα	Ավելին
'λλαξες	Արդեն
'μαι	այդտեղ
'ναι	.
'νθρωπος	մարդ
'ο	ամենքին
'ολα	ողջը
'ολες	փախչեն
'ολοι	մենք
'ομορφή	իմ
'οποιος	դրանից
'οπως	մարդիկ
'οσο	ճիշտ
'οσοι	նրանք
'οταν	եբ
'οχι	ոչ
'πρεπε	մտքերը
'ρεντ	Բարենդ
'ρθει	մահն
'σαι	Դաժան
'σουν	գերազանցել
'στε	աշխույժ
'σχημο	Գեղեցիկ
'ταν	նրանում
'τιμε	Կեղտո՛տ
'τος	նա
'τρεχε	գնդակի
'χα	ապրած
'χεις	հասցրել
'χουν	Մնաք
'χω	հոգևոր
'ω'	"ֆ
)	(աբխազերեն)
,	,
-	-
.	:
..	՝
...	ինչի
...Όπως	Դայակ
...για	.
...και	դուք
...όπως	դայակ
1	Մեկ
10.000	հազար
11	11
11μ.μ.	հասցվել
142	.
15	15
18	մեկուկես
1910	Մաքենզիի
1913	փորձառության
1916	անունից
1920	արդյունքները
1923	վերցրել
1924	փետրվարի
1η	թ
2	1,
2-3	ուղեկիցները
20	քաշի
25η	արցունքներ
3	իմացող
3.	3
320.000	000
5	էջում
5μ.μ	-ին
8	8:
8%	8
8.	8-
9	9-ին
:	.
;	։
Boria	հերիքա
Born	Բորնը
Buregijks	եղբայրները
Carlion	Կարլիոնը
Elephant	Elephant
Huizing	Հաուզի՛նգ
Itivimuits	առաջնորդ
Katadreuffe	Կատադրոյֆե
Kerk	Կե՛րկ
Mr	Պր
Mr.	Ցտեսություն
Rentenstein	.
Rustenburger	Ռուստենբերգը
Sibculo	Սիբկուլոն
Sprengers	Սպրենգերսը
Ungava	Ունգավայում
Xάλια	սարսափելի
Zwavel	Զվաֆե՛լ
]	չհասկացավ
aggie	մնամ
boarding	պատահեց
boria	հերիքա
born	բորնը
buregijks	եղբայրները
carlion	կարլիոնը
elephant	elephant
huizing	հաուզի՛նգ
itivimuits	առաջնորդ
katadreuffe	կատադրոյֆե
kerk	կե՛րկ
mak	Տիա
mr	պր
mr.	ցտեսություն
quite	նավի
rentenstein	.
rustenburger	ռուստենբերգը
sibculo	սիբկուլոն
sprengers	սպրենգերսը
that	ահա
ungava	ունգավայում
xάλια	սարսափելի
zwavel	զվաֆե՛լ
Άγιε	սուբ
Άθλιε	Անբան
Άκαρδε	անխի~ղճ
Άκου	տանի
Άκουσέ	աչքերում
Άλλες	Երբեմն
Άλλη	պատգամներն
Άλλοι	Ոմանք
Άντε	Գնա
Άντρα	ամուսին
Άραγε	Հավատո՞ւմ
Άσε	Թող
Άφησέ	Թող
Έβγαλα	Այդ
Έκανα	որդուն
Έκπληξη	Անակնկա
Έλα	Արի
Έλενα	տունը
Έλεος	Գթացեք
Έμενα	շաբաթներով
Ένα	Այսպիսի
Ένας	Բարեկամ
Έξω	Հինը
Έπεισα	Համոզեցի
Έπεσε	Ցատկեց
Έπεσες	Լավ
Έπρεπε	Զարմանալի
Έρχεται	Արքայազնն
Έρχομαι	Ես
Έρχονται	Միևնույն
Έτσι	Ջահել
Έφυγε	քեն
Έφυγες	եկաք
Έχει	Գիտեք
Έχεις	Դու
Έχετε	ունեք
Έχουν	ներումի
Έχω	Ես
Ή	՞
Ήδη	Նա
Ήθελα	Ես
Ήθελε	Նա
Ήμουν	Այժմ
Ήξερε	Գիտեր
Ήρθα	Եկա
Ήρθαμε	հայտարարության
Ήρθε	Նա
Ήρθες	Եկել
Ήσουν	Ձեռքը
Ήσυχα	Կաց
Ήταν	Անվախ
Ίσως	Գուցե
Όλα	Ի՜
Όλη	Ամբողջ
Όλο	Ամբողջ
Όλοι	Ամենքը
Όμως	Եթե
Όνομα	Անո՞ւնդ
Όποιος	Կարելի
Όποτε	Ամեն
Όπως	Ի
Όση	խորն
Όσο	Որքան
Όταν	Անմիջապես
Ότι	Տեսել
Όχι	Ոչ
Ύστερα	Ես
Ώρα	Գործն
Α	Ա.Բ
ΑΠΟ	լռություն
ΑΠΟΡΡΙΠΤΕΤΑΙ	"
Αίμα	Առաջ
Αγάπη	Սեր
Αγίου	Պետրոսի
Αγαπητέ	Հարգելի
Αγαπητή	զարմուհի
Αγγ	կգնամ
Αγγλία	Անգլիայում
Αηδιάζω	Կորիր
Αινιγματική	Անհարթ
Αιτούμαι	Պարոն
Αιφνιδίασαν	Ամրոցը
Ακολουθείστε	Կապուլետնե~ր
Ακολούθησαν	Սկսվեց
Ακουγόταν	Ձայնն
Ακούστε	Ուշադրություն
Ακούω	Այո
Ακόμα	Ամենաանուշահամ
Ακόμη	Ուրեմն
Αλήθεια	Այդպե՞ս
Αλί	երկիրը
Αλλά	Սակայն
Αλλεγκού	Ալիգուն
Αλλιώς	Կամ
Αμέσως	.
Αμήν	Ամեն
Αμαρτωλέ	Մեղսավոր
Αμπχαζικά	հասկանում
Αν	Եթե
Ανάθεμα	սևավոր
Ανάμεσα	Դոկտոր
Ανέτοιμοι	անպատրաստ
Αναγνωρίζετε	ճանաչո՞ւմ
Αναρωτιέμαι	Ուզում
Αναρωτιόμουν	Արդյո՞ք
Ανασταλτικά	Ապստամբ
Ανατολικά	Նրանից
Ανατολική	բժշկի
Ανοίγει	Չի
Αντάλλαγμα	ուխտի
Αντί	Ոչ
Αντίο	Մնաս
Ανυπάκουη	անպիտան
Ανόητη	Փուչ
Ανύπαρκτη	պատրանք
Αξιέ	Վեհանձն
Αξιοθρήνητη	թշվառական
Απ'	Ամենքի
Απ'το	Գրասենյակի՞ց
Απαίσιε	Ստոր
Απαντήστε	Հարցումդ
Απλώς	Ես
Απο	Գարնան
Αποβίβαση	Հասնում
Απολύεσαι	ազատված
Αποτινάξτε	Թափ
Αποτύχαμε	Չստացվի
Αποφάσισα	Որոշեցի
Αποφασίσαμε	վճռել
Αποφασίστε	Ինքներդ
Αποφύγετε	պարոններ
Απρίλιο	վարկ
Από	Թող
Απόψε	Այս
Αραβίας	մի՞թե
Αργά	Դանդաղորեն
Αργότερα	Հետագայում
Αρκετά	Բավ
Αρκετές	էլ
Αρκετοί	Վկաները
Αρκούδα	Արջը
Αρνήσου	Ժխտիր
Αρνηθείτε	մերժեք
Αρτοφορίας	Պողոս
Αρχηγός	Իտիվիմուիտների
Ας	Այլևս
Ασ'	Թողեք
Ασέλγεια	շնության
Αυτά	Այս
Αυτές	Արածի
Αυτή	Այս
Αυτοί	Նրանք
Αυτοι	Լսի՛
Αυτό	Սա
Αυτόν	Ով
Αυτός	Այսպես
Αφ	Կնստեն
Αφέντη	Ձերդ
Αφήστε	գալիս
Αφού	Ծննդաբերումից
Αχ	Ավա~ղ
Αχάριστο	Ապերախտ
Αχρείαστο	սեղանին
Αύριο	Վաղը
Βάρα	Մերկուցիո
Βάτραχος	Գորտը
Βέρκερκ	Վերկերկ
Βίλεμ	Վիլլեմ
Βαθιά	Բարի
Βαθύ	Քամուց
Βαλεντίν	Վալենթին
Βαλτάσαρ	Բալթազա՞ր
Βασικά	Գումարի
Βασιλιά	Կատուների
Βασιλιάδες	Գահի
Βασιλιάς	դու
Βγάλε	Դրա
Βγείτε	վեր
Βγες	Կորիր
Βελζεβούλη	Բեեղզեբուղի
Βερ	Վեյվեր
Βερόνα	հաշվեհարդար
Βιβλία	Գրքեր
Βλέπεις	Իսկ
Βλέπω	Ա՛հ
Βοήθησέ	Օգնիր
Βρήκα	արտասահման
Βρίσκομαι	Շտապենք
Βρε	գրկեց
Βρωμομπάσταρδε	թողե՛ք
Γ.	Կատադրոյֆեն
ΓΡΑΦΟΝΤΑΙ	ցանկացողները
ΓΡΗΓΟΡΟ	ԱՐԱԳ
Γάτων	թագավոր
Γίνεται	Ավելի
Γειά	Մեր
Γεια	Բարև
Γελάει	կապիկն
Γεμάτο	Օհ
Γεμίστε	իգությունն
Γενναίε	Խիզախ
Γενναίες	շողշողում
Γενναίος	Անվախ
Γεωργία	Ջորջիան
Γεωργιανοί	?
Γεωργιανούς	վրացիներինն
Γι	Այդու
Γι'	համա՞ր
Γι'απόψε	Վստահ
Γιάκομπ	Յակո՛բ
Για	"
Γιακόμπα	Յակոբան
Γιαν	Մաանը
Γιατί	Ինչո՞ւ
Γιατρέ	թեներն
Γιοι	Որդիներ
Γιόμπα	Յոբա
Γιόνσεν	Յանսե՛ն
Γκάγκελαρ	դե
Γκλάμις	Գլամիսի
Γλεντούσα	թշնամուս
Γλεντούσαμε	Ճիշտն
Γλυκά	Քաղցրահունչ
Γλυκέ	Հիմա
Γλυκιά	Անուշիկ
Γλυκύτητα	կոտրում
Γνωρίζει	զորություն
Γνωρίζεστε	Ծանո՞թ
Γνωρίζετε	Երկուսդ
Γνωρίζω	Դրեյվերհավենի
Γουίλιαμ	Վիլյամ
Γουινέα	Գվինեա
Γρήγορα	ինձնից
Γραμματέας	Գրագի՞ր
Γυναίκα	կին
Γυρεύω	Գիտեք
Γυρνάω	նայիր
Γύρνα	Հետ
Δάκρυα	արցունքները
Δέχομαι	Համաձայն
Δίας	Յուպիտերը
Δακρύζει	Լալիս
Δανείστηκα	900
Δε	Ես
Δείξε	Անմեղ
Δείτε	պատկերն
Δειλέ	անհաստատ
Δεν	Ես
Δες	այնտեղ
Δεσποινίς	Օրիորդ
Δεσπονίς	Օրիորդ
Δηλαδή	նկատի
Δηλητήριο	Տեսնում
Δημοπρασία	Է
Διάλεξες	Բնակության
Διαμαρτύρομαι	բողոքում
Δική	Բաց
Δικηγόρος	Խանկելարն
Δικός	լուծում
Διπλός	Ջանք
Διώξε	Արձակիր
Δουλειά	Աշխատա՞նք
Δουλεύε	Նա
Δουλεύει	Սպասուհի
Δούλευες	Աշխատել
Δούλεψα	օգնել
Δρ	պր
Δυο	.
Δυστυχώς	Այդ
Δωροδοκήθηκαν	կաշառել
Δωσ'	Սուսեր
Δύο	Երկու
Δώσε	Սուսեր
Δώστε	մտածումներ
Ε	Դե
Είδα	հարցնել
Είμ'	Մի՞թե
Είμαι	Ես
Είμαστε	անենք
Είναι	Նա
Είπες	Բոլորին
Είσαι	Դու
Είστε	Ամբողջովին
Είχα	Դրեյվերհավենին
Είχαν	Պարտվող
Είχε	Աղջիկը
Είχες	Համագործակցո՞ւմ
Εβραίου	զազրախոս
Εγκάρδια	առաջինին
Εγκυκλοπαίδεια	Հանրագիտարան
Εγώ	Ես
Εδώ	Այստեղ
Ειλικρινά	Հարգանքներով
Ειναι	Խայտառակությո՜
Ειρήνη	Լուռ
Εκεί	Այնտեղ
Εκείνη	Այ
Εκείνος	չգիտես
Εκλιπαρώ	արդար
Εκνευρίζαμε	Միաժամանակ
Εκτός	Եթե
Ελάτε	Եկեք
Ελέφαντας	Փի՞ղ
Ελαφριά	Սիրո
Ελεύθερος	ազատվել
Ελπίζω	Հուսով
Εμείς	մենք
Εμπιστέψου	Վստահիր
Εμπρός	Դե
Εννιακόσια	Ինը
Εννοείς	Արքայի
Εννοείτε	Որ
Εντάξει	Լավ
Εντελώς	վայել
Ενώ	Մինչ
Εξάλλου	Դրեյվերհավենը
Εξήγησέ	եկ
Εξήντα	Վաթսուն
Εξαιρετικά	դեպք
Εξορία	բառն
Εξόφληση	Առաջարկում
Επίσης	էլ
Επιζεί	փրկվել
Επικίνδυνος	Վտանգավո՞ր
Επιστρέφεται	Ետ
Επιστρέψαμε	այստե՜ղ
Επιστροφή	Ետ
Επομένως	Այդու
Εργάζεται	աշխատում
Ερχόμαστε	տիրուհուն
Εσάς	Քեզ
Εσείς	Այլևս
Εσκιμώοι	ջերմացնում
Εστιατόριο	կապելու
Εσύ	Դու
Εταιρία	ընկերակցություն
Ευγενή	Ազնիվ
Ευγενικέ	Ազնիվ
Ευγενική	Տիրուհի
Ευγενικοί	Բարեգութ
Ευημερία	Հոգիս
Ευχαριστώ	Շնորհակալ
Εφτά	Յոթ
Εφτακόσια	700
Εύσπλαχνοι	Բարեգութ
Εύχομαι	Բոլորովին
Ζήσε	Ապրիր
Ζήτα	պատասխան
Ζήτησε	Նա՛
Ζήτησες	Դիմել
Ζήτω	Կեցցե
Ζεσταίνεσαι	Միգուցե
Ζητώ	խոնարհաբար
Ζωρζ	Ժորժե
Η	Ուրեմն
ΗΣΥΧΙΑ	էկրանի
Ηθοποιός	Համր
Ηρέμησε	.
Ησυχία	Բուն
Ησύχασε	Խաղաղվիր
ΘΑ	մերժվելու
Θάνης	Գլամիս
Θέλει	Նա
Θέλεις	Դու
Θέλετε	Գուցե
Θέλω	Ուզում
Θα	Ես
Θα'ρχεσαι	Այցի
Θαρρώ	Սակայն
Θεέ	Աստված
Θείε	Հորեղբայր
Θεού	աջը
Θεούλη	.
Θεράπευσέ	Բուժեք
Θες	Կամենում
Θεό	Որտե՞ղ
Θεός	Աստված
Θεότρελε	Խե~նթ
Θρηνεί	Մեկ
Θυμάσαι	Ծանո՞թ
Θυμηθείτε	իմացեք
Ινβερνές	Ինվերնես
Ιουλίου	վերջ
Ιουλιέτα	Ջուլիետ
Ιουλιέτας	Ջուլիետի
Ιρλανδία	Իռլանդիա
Κ	Պր
ΚΑΛΑΜΠΟΚΙΟΥ	ԿՂԶԻՆ
ΚΑΜΑΡΙΝΙΑ	Հանդերձարաններ
ΚΑΤΑΡΡΕΥΣΗ	ԱՐԺԵԹՂԹԵՐԻ
ΚΙΝΟΓΚΡΑΦ	ԿԻՆՈԳՐԱՖ
ΚΛΙΦΤΟΝ!	"
ΚΟΜΠΑΡΣΟΙ	նկարահանվել
Κάθε	Ամեն
Κάμπερλαντ	Քումբերլանդի
Κάνε	Շտապիր
Κάνει	կատակ
Κάνεις	ուղղակի
Κάνετε	դեպքում
Κάνουμε	Հաճախ
Κάντε	Ճանապարհը
Κάποια	գեթ
Κάποιος	Կատարածու
Κάρλιον	դոկտոր
Κάτι	Կամ
Κάτω	դրեք
Κάψε	Դավ
Κίνογκραφ	ստորագրել
Καβγά	վիճո՞ւմ
Καημένε	Ավաղ
Καθίστε	Խնդրում
Καθαρά	Ուրեմն
Καθυστέρησε	Հետաձգեք
Καθόλου	Ամենևին
Καθώς	իջնու՞մ
Και	Եվ
Κακομοίρη	թշվառ
Κακώς	Ահավոր
Καλά	Լավ
Καλέ	Ազնիվ
Καλέστε	Նրանց
Καλή	Ամենայն
Καλημέρα	լույս
Καληνυχτίστε	Միանգամից
Καληνύχτα	Բարի
Καλησπέρα	երեկո
Καλορίζικο	Դեհ
Καλοσύνη	Շատ
Καλωσορίσατε	Բարով
Καλωσόρισες	բարով
Καλό	Հարմա՞ր
Καλύτερα	Լավ
Καλώς	Բարով
Καμία	տրտմություն
Κανένα	Կողպեք
Κανένας	Քանզի
Κανείς	ոք
Καπνίζεις	Կծխե՞ք
Καπουλέτο	Կապուլետ
Καπουλέτοι	Կապուլետներն
Καπουλέτου	.
Καπουλέτους	իրարից
Καπουλέτων	ազգականը
Κατά	Մենք
Κατάλαβα	Վերադարձից
Κατάρα	Անեծք
Κατάφερες	Կատադրոյֆե
Κατέβαινε	Քառորդ
Καταλαβαίνω	Հասկանում
Κατανοητό	Հասկանո՞ւմ
Καταντρέφε	Կատադրոյֆե
Καταραμένη	Լեզուն
Κατεβαίνοντας	իջնելիս
Καψαλίσαμε	չենք
Κελαηδάει	Սոխակն
Κεφάτη	մարդիկ
Κι	Եվ
Κινείται	կեցվածքն
Κλίφτον	Քլիֆթոն
Κλαίει	լալիս
Κληρικό	վանական
Κλητήρας	կատարածուն
Κοίτα	Միայն
Κοιμισμένοι	Քնած
Κοιτάξτε	Տեսեք
Κοιτάτε	Տես
Κοκκινίζουν	առնելուն
Κολύμπησες	Լողացել
Κοντά	ուղեկցությամբ
Κοντεύω	Ախր
Κουναγιού	Նայլան
Κουράγιο	Արիացիր
Κοψ'	Աահ
Κράτα	Հեյ
Κρατούσε	ամուր
Κρεμάστε	Գլամիս
Κρύψε	խաղաղություն
Κρύψου	Ռոմեո
Κυρά	Եկ
Κυρία	Տիկին
Κυρίες	տիկնայք
Κυρίου	գողացել
Κόκκινη	Ասեմ
Κόμμα	այնպես
Κόμοκ	.
Κόμπυ	Կոբին
Κύριε	Պարոն
Κύριοι	Հմմ
Κώντορ	Կավդորի
Λάμπει	կանչը
Λέγε	փութով
Λέγεται	Ի՞նչ
Λέγομαι	Յան
Λέει	ճշմարտությո՞ւնն
Λένε	Ասում
Λίγο	Մի
ΛαΪκή	պարտք
Λαυρέντιου	խուցը
Λαυρεντίου	թողություն
Λαϊκή	Կրեդիտային
Λείανε	Խիստ
Λεονάρδε	երգիր
Λεονάρδος	Լեոնարդո
Λεπτομέρειες	Der
Λες	Ասում
Λογιστής	հաշվապահ
Λοιπόν	Դե
Λούκας	Լուկաս
Λυπάμαι	Ցավում
Λόγια	Այդ
Λόρνα	Լորնա
Μ'	Ահն
Μ'ένα	Դանակը
Μ'αρέσει	Սիրում
Μ'αυτόν	Ձեր
ΜΑΚΒΕΘ	ՄԱԿԲԵԹ
ΜΙΛΕΡ	Միլլեր
ΜΠΑΜ	Բախ
ΜΠΑΣΤΑΡΔΟΣ	Պոռնկորդի
Μάας	Մաաս
Μάβα	Մաբ
Μάζεψέ	Դու
Μάζεψε	Լավ
Μάθαμε	Գիտենք
Μάκβεθ	Մակբեթը
Μάκβεθ..	կռվեց
Μάλιστα	Այո
Μάλκομ	Մալքոլմն
Μάλκομ.	համբուրի
Μάλωσε	գուշակներն
Μάντουα	Մանտուա
Μάτι	Մողեսի
Μάτια	Աչքեր
Μέγιερ	Մայեր
Μένεις	Դեռ
Μένουμε	Մինչև
Μένω	Դիմացն
Μέρα	Այսքան
Μέσα	(ՌՈՄԵՈ
Μέχρι	Մինչ
Μήπως	Արդյոք
Μία	սակայն
Μίλα	Խոսիր
Μίλερ	Միլլեր
Μίλησα	Չէ
Μα	Սակայն
Μαθεύτηκε	Հայտնի
Μακάρι	Ափսոս
Μακντάφ	Մակդուֆ
Μακντόνουαλντ	Մաքդոնվալդը
Μακριά	Կորիր
Μαλλί	Ճահճի
Μαν	Մաան
Μαρτη	օր
Μας	մեզ
Μαχαίρι	Արդյոք
Μαύρη	Կովկազի
Με	Բարձրյալի
Μείνε	Անգետ
Μεγάλες	Ձմեռ
Μεγάλη	ուրախություն
Μεγάλωσα	ստնտուն
Μεγαλειότατε	արքա
Μεγαλόκαρδε	Վեհաշնոր
Μεθυσμένη	հարբած
Μερικοί	խենթացել
Μερκούτιε	Մերկուցիո
Μερκούτιο	սպանել
Μερκούτιος	Մերկուցիոն
Μερκούτιου	Մերկուցիոյի
Μετά	Երեք
Μετακομίσαμε	Տեղափոխվելուց
Μεταφράζω	Պայմանագիր
Μετράω	Հաշվում
Μη	Մի
Μην	Դու
Μητέρα	Մայր
Μια	Երիտասարդ
Μικρέ	Տղեք
Μιλάει	խոսում
Μιλάς	Ամոթանքը
Μιλήσατε	Դու
Μιλήστε	Խոսեք
Μισή	Ուղիղ
Μισό	Կաց
Μοιάζει	Փայլում
Μοιάζεις	Դու
Μολυσμένος	Ժանտ
Μοντέγο	Մոնտեգյու
Μοντέγοι	'
Μοντέγος	Մոնտեգյու
Μοντέγους	հեղես
Μοντέγων	Մոնտեգյուները
Μοσχαροκεφαλή	ուղեղ
Μου	Խնդրում
Μπάνκο	Բանքոյի
Μπέρ	Բիեր
Μπίρναμ	Բիրնամի
Μπα	ուղարկել
Μπαίνει	փերիների
Μπενβόλιο	Բենվոլիո
Μπες	Նստիր
Μπλοφάρει	Բլեֆ
Μπορεί	Դիմակահանդեսին
Μπορείς	Այսօր
Μπορούν	Կարո՞ղ
Μπορώ	Կարո՞ղ
Μπούρδες	Անհեթեթությո՛ւն
Μπράβο	Բրա
Μόλις	Երեկ
Μόνο	Միայն
Μόνον	Միայն
Μύτη	Կտրել
Ν'	Խոհեմությո՞ւն
ΝΑ	կսիրեք
ΝΕΑ	ԿԻՆՈԳՐԱՖԻ
ΝΗΣΙ	ԵԳԻՊՏԱՑՈՐԵՆԻ
Νήσο	1913
Να	Ահա
Να'	Տեսեք
Ναι	Այո
Ναι...τι	Այո
Νανούκ	Նանուկը
Ναπολέων	Նապոլեոնը
Ναρκωτικό	Ես
Νεαρέ	Վահ
Νιώθει	չունեն
Νιώθω	Ես
Νοίκιασα	Սենյակ
Νοίκιασε	տեղափոխվել
Νομίζει	Ռոմեոյին
Νομίζεις	Կարծում
Νομίζω	Ավելին
Νομική	իրավաբանություն
Νορβηγός	Նորվեգացիք
Νορβηγών	չկորցրեց
Νορθάμπερλαντ	ահեղ
Ντάνκ	Դունկան
Ντάνκαν	Դունկանի
Ντανσινέιν	Դունսինեյն
Ντε	Ժորժե
Ντοναλντμπέιν	Դոնալբեյն
Ντρεβερχάβεν	Դրեյվերհավենը
Ντροπή	Ամոթ
Ντόρις	ԴՈՐԻՍ
Νυχτώνει	իսկ
Νωρίς	Առավոտյան
Νότια	փողոց
Νύλα	Նայլա
Ξέρεις	Գիտեք
Ξέρετε	հասկանում
Ξέρω	Գիտեմ
Ξέχασα	մոռացա
Ξήλωσε	քանդեց
Ξανά	ձեռնարկում
Ξεκουράσου	հանգստացի
Ξυπνάει	մտավ
Ξυπνάτε	Զարթնեք
Ξόδεψα	Ստացած
Ξύπνα	Ոտքի
Ο	է
ΟΙ	Դրվագներում
ΟΚΤΩΒΡΙΟΥ	25
ΟΜΟΡΦΙΑΣ	Խալը
ΟΝΤΙΣΙΟΝ.	լսումները
Οδήγησέ	գնանք
Οδηγήστε	Գնանք
Οι	,
Ομολογείς	խոստովանել
Ομολογώ	Խոստովանեմ
Ομορφιά	Չափազանց
Οπότε	կգայի
Ορκίζομαι	Սիրտս
Ορκίστηκα	խոստացա
Ουράνιο	ամսեկան
Οφείλει	Խանկելարը
Οφθαλμόν	ուրեմն
Οχυρώνει	Դունսինեյնն
Ούτε	Ոչ
ΠΑΝΤΑ	Միշտ
ΠΑΝΤΡΕΥΤΟΥΜΕ	ամուսնանալու
ΠΑΡΑΚΑΛΩ	Խնդրում
ΠΑΤΕΡΑΣ	"
ΠΕΠΙ	Փեփփի
ΠΙΣΩ	հետևում
ΠΟΤΕ	Երբ
ΠΡΙΝ	գրանցվեն
ΠΡΟΣΩΠΑ	ՆՈՐ
Πάει	Կար
Πάμε	Գնացինք
Πάνε	Սակայն
Πάντως	Ինչևէ
Πάνω	Ժորժե
Πάρ'	Որպես
Πάρε	Առ
Πάρης	ասած
Πάρι	Պարիս
Πάρις	Պարիսը
Πάτερ	Լավրե՞նտիոս
Πάω	Դուրս
Πέθανε	մեռա~ծ
Πέμπτη	Զվարթ
Πέπι	Փեփփի
Πέρασε	Այն
Πέτα	Ուրեմն
Πέταξε	Այնպես
Πέτρο	Պետրոս
Πέτρου	Պետրոսը
Πήγα	Մի
Πήγαινα	աշխատանքը
Πήγαινε	Գնա
Πήγε	բացվել
Πήγες	Դուք
Πήξτε	Արյունն
Πήρα	կրում
Πήρες	դիպլոմ
Πίνω	Բացառի՛կ
Πίστεψέ	Հավատա
Παθιασμένε	կրքոտ
Παιδί	Զավակս
Παιχνίδια	Խաղալիքներ
Παλιά	Հին
Παλιάνθρωπε	սրան
Παλιότερο	Ողջ
Παμε	տուն
Πανούκλα	Ժանտախտը
Παντρεμένη	փափագս
Παππού	Նրանք
Παρ'	վերցրու
Παρά	Չնայած
Παράξενες	Վատ
Παράξενη	անիրական
Παράξενος	Տարօրինակ
Παρακαλώ	Խնդրեմ
Παρακολουθούσε	Երկինքն
Παραμάνα	Դայակ
Παραμονή	պակաս
Παραμονής	Պետրոսի
Πατέρα	Հա~յր
Παχιά	Կարկտի
Παω	գնամ
Πείτε	Որտեղի՞ց
Περάστε	Այս
Περίμενε	Սպասիր
Περίμενες	Ա՞յլ
Περίπτωση	նմուշ
Περιγέλα	Խնդա
Περιοχές	որոնք
Περνιέσαι	Տեսքդ
Περριτή	ներկայացնել
Πες	Ասա
Πηγαίνετε	Վերադարձեք
Πηγαίνω	ինքս
Πιάσ'το	Վերցրե՛ք
Πιο	Մեղրից
Πιστή	Ազնիվ
Πιστεύετε	Ի՞նչ
Πιστωτική	ժողովրդական
Πλέον	Նա
Πλήρης	ամբողջական
Πληρώνει	142
Πλύνε	Ձեռքերդ
Ποια	Ի՞նչ
Ποιο	Ի՞նչ
Ποιοι	Այդ
Ποιον	Ո՞ւմ
Ποιος	Ով
Πολεμάω	կպայքարեմ
Πολλά	Ատելությունն
Πολλοί	Շատ
Πολυαγαπημένη	Իմ
Πολύ	Շատ
Πορέψου	եկեք
Ποσειδώνα	կբավեն
Ποτέ	երբեք
Που	Որտե՞ղ
Πουλάτε	ինչ
Πουλήθηκαν	վաճառվեց
Πού	Որտե՞ղ
Πράγματα	բաներին
Πράγματι	Անիծյալ
Πράξη	բան
Πρέπει	պիտի
Πρίγκιπάς	լսեք
Πρίγκιπας	Արքայազնը
Πριν	Հենց
Προβάλλει	Ձյունաթույր
Προδοσία	նյութում
Προξενήτρα	կավատ
Προσέξτε	Թույլ
Προσεύχομαι	փառք
Προσεύχονται	պաղատում
Προσμένουν	Այն
Προσπαθεί	օգնության
Προσπαθούμε	փորձում
Προσωπείο	դեմքս
Προσωρινές	Աշխատանքից
Προτιμάς	լինես
Προτιμώ	Թո՛ղ
Προφανώς	հասկացնել
Πρόκειται	Վարույթում
Πρόλογος	Ռոբերտ
Πρόσεξε	Ստեցի
Πρόσεχε	Նրա
Πρόστυχο	լիբ
Πρόσφατα	վերջերս
Πρώτα	մտածել
Πρώτη	Առաջին
Πρώτον	վստահում
Πω	Այ
Πως	Այո՛
Πόλης	Քաղաքի
Πόρνη	Անառա
Πόσα	Որքան
Πόση	ժամանակ
Πόσο	որքան
Πόσος	Քեզ
Πότε	Երբ
Πώς	Ինչպե՞ս
Ρίξτε	Թուրդ
Ρίχνωντας	Նայում
Ρεν	Ռայն
Ρεντενστάιν	Ռենտենստայն
Ρετεστάιν	Ռենտենստայնի
Ροζαλίνα	էիր
Ρουστενμπέργκερ	անունների
Ρωμαίο	Ռոմեո
Ρωμαίος	Ռոմեոն
Ρωμαίου	Ռոմեոյի
Ρόμπερτ	Ֆլաերտիի
Σ	Անկողին
Σ'	Ահա
Σ'έναν	Մեկ
ΣΤΟΥΝΤΙΟ	ընկերություն
Σέιτον	Սեյտոն
Σήκω	Վեր
Σήμερα	Աղետ
Σίγουρα	Այն
Σίμπουλο	Սիբկուլո
Σίουαρντ	Սիվարդի
Σα	Ասես
Σαν	Ախ
Σαρακοστή	պասի
Σας	Շնորհակալ
Σβήσε	Մոմի
Σε	կրկին
Σε'σένα	Ի՞նչը
Σελίδα	Բառարանի
Σεπτέμβριο	որոշել
Σερ	Սըր
Σηκωθείτε	Վեր
Σηκώθηκε	արթո՞ւն
Σημάνετε	Զանգ
Σινιόρ	Սինյոր
Σιχαίνομαι	ատում
Σκάρτη	պտուղ
Σκέφτηκα	Ճանապարհին
Σκέψου	ձեռքդ
Σκοτία	Նու՞յնն
Σκοτίας	կեցցե
Σκοτώστε	Հեռու
Σκουν	Սքոն
Σκότωσαν	Արքային
Σου	Ես
Σουβαγκτ	դր
Σουζάνα	ճրագալույցին
Σούβαγκτ	Շխուվախթ
Σπίθα	բոցավառում
Σπίτι	ծնողներիս
Σπλαχνικές	Գթառատ
Σπούδασες	Հետևաբար
Σπρωγμένοι	Կատաղի
Στάσου	"Կանգ
Σταμάτα	Բավ
Στείλτε	ձիավորներ
Στρατιώτες	համբակ
Στρουμκόνιν	Ստրոմքոնինգը
Στρούμκόκιν	Ստրոմքոնինգի
Συγγνώμη	Ներեցեք
Συγκράτησε	ձեռքդ
Συγνώμη	Ներող
Συγχαρητήρια	Շնորհավորում
Συγχώρα	Ներեցեք
Συγχώρεσέ	Ներիր
Συλλογισμό	տեսողություն
Συμβαίνει	թվաց
Συμβούλεψέ	Ցույց
Συμπαθάτε	Շնորհ
Συμπατριώτης	Հայրենակից
Συμφωνείτε	Հարմա՞ր
Συνέβη	Միանգամ
Συνολικά	Իմ
Συχνά	Հաճախ
Σχεδόν	Ծեգի
Σχολή	սովորել
Σωστά	Այդպես
Σωστό	Իհարկե
Σύντομα	կլինեք
Τ	"Տ
Τ'	Ես
ΤΕΛΟΣ	Ստուդիա
ΤΗ	պահպանել
ΤΟ	Աղջիկ
ΤΟΥ	ՇՈՒԿԱ
Τέλος	Ուրեմն
Τίποτα	Մահն
Τα	Դեռ
Ταίρι	խմբի՞ց
Ταινιών	դերասանը
Ταπεινότερος	Մակբեթից
Τατάρου	շուրթեր
Τελείωσες	ավարտեցիր
Τελειώσαμε	վերջացրեցինք
Τελειώσατε	Այդքա՞նը
Τενχάβε	Թեն
Τετάρτη	.
Τζέφρυ	Գնացինք
Τζορτζ	Ջորջ
Τη	Դո
Τηλεφώνησε	Պր
Την	Ես
Της	Տիկին
Τι	Ի՞նչ
Τιμές	Գործն
Τιμή	երազում
Τις	մենք
Το	Այս
Τολμώ	Այն
Τον	Աստված
Του	Գրել
Τους	պատմեցի
Τούρκου	թուրքի
Τούτη	Գերբնական
Τράβηξέ	Քաշիր
Τρέξε	Մեգը
Τρέχω	Ջուլիետ
Τραβώντας	Սատկած
Τρανέ	Օ~հ
Τραυματίστηκες	վիրավո՞ր
Τρεις	Երեք
Τρελάθηκες	Խելքդ
Τρούντυ	Տրուդին
Τσίμπημα	Սղոսկուկի
Τσιγάρο	Ծխե՞ք
Τυβάλτε	Տիբալտ
Τυβάλτο	Տիբալտին
Τυβάλτος	Տիբալտը
Τυβάλτου	Տիբալտի
Τυχερό	հաջողակ
Τόλμησε	Պատանի
Τόξο	Ռեյնբոուին
Τόσο	Ճիշտ
Τότε	Ուրեմն
Τύραννε	Բռնակալ
Τύχη	բախտից
Τώρα	Հիմա
ΥΠΟΤΙΤΛΙΣΜΟΣ	Օլիվիա
Υγεία	Ողջություն
Υπάρχει	Մի
Υπάρχουν	Այլ
Υπέγραψα	Կինոգրաֆի
Υπήρξε	Եղել
Υπήρχαν	Արդյոք
Υπαρκτό	նման
Υπηρετώ	վիճում
Υπογραφή	Ստորագրված
Υποθέτω	Հուսով
Υποσχέσου	Համաձայնություն
Υψηλότατε	արքայազն
Φ	Այո
Φάιφ	թենը
Φάνηκες	Գունատվեցիք
Φέρε	Եկ
Φέρεσαι	վայրի
Φέρτε	Զենք
Φέρω	Դյութանքի
Φίλοι	Ընկերնե՛ր
Φίλος	բարեկամ
Φαίνεται	Երևում
Φαν	Վան
Φαντάζομαι	տուգանքի
Φαρμάκι	Թմրած
Φερθείτε	Խելացի
Φεύγετε	.
Φεύγω	Գնում
Φλάχερτυ	նախաբանը
Φλιν	Ֆլինսը
Φλινς	Ֆլինսը
Φοβάμαι	վախենում
Φοβάσαι	երկնչո՞ւմ
Φονικό	սպանություն
Φράξτε	մաղձով
Φρέσκο	Թարմ
Φρίκη	Խառանկչությունն
Φραγκίσκο	Ֆրանցիսկուսի
Φρικτό	հրեշավոր
Φτάνει	Հանուն
Φτηνά	Այսչափ
Φυσικά	Ի
Φωνάξτε	Գնացեք
Φόρεσε	Գիշերահագուստ
Φόρεστερ	Ֆորեստե՛ր
Φύγε	Փախիր
Φύγετε	Ուրեմն
Φύλακας	Պահապան
Φύλαξέ	Պահիր
Φύσα	փչի
Φώναξέ	գնա
Φώναξε	Բժիշկ
ΧΑΡΑΚΤΗΡΑΣ	ԽԱՌՆՎԱԾՔ
ΧΡΗΜΑΤΙΣΤΗΡΙΟΥ	ՓԼՈՒԶՈՒՄ
Χάθηκαν	անհետացան
Χάρη	Գործազրկության
Χάρηκα	Հաճելի
Χάρου	դրոշը
Χάσου	հեյ
Χέρια	Բազուկներ
Χήνες	սագե՞ր
Χίλιες	Հազար
Χαίρε	Կեցցե
Χαίρετε	օր
Χαίρομαι	Երջանիկ
Χειραψία	սեղմում
Χρειάζεται	Նրան
Χρειάζομαι	գումար
Χρεωκοπία	Յ
Χρησιμοποιούν	Ճարպ
Χρησιμοποιούσα	ավարտվում
Χριστέ	Եբ
Χριστιανών	հոգիները
Χριστός	Օհ
Χρωστάω	Վարկից
Χρωστούσα	Թեև
Χτες	Անցյալ
Χτυπάτε	Զանգ
Χτυπήθηκα	վիրավոր
Χτύπα	Զարկիր
Χωρίς	Առանց
Χόλιγουντ	Վալենթինի
Χόρτασα	ճաշակել
Ψάξαμε	Մեզ
Ψάξε	Փնտրեք
Ψάχνει	Ձկնորսության
Ψάχνετε	կծում
Ψέματα	Ստախոս
Ψεύτη	ստրուկ
Ψωνίζω	շուկայից
Ψύξτε	Զորեղ
Ω	Օհ
Ωραία	Բարի
Ωραίο	Բայց
Ως	Դարավերջին
Ωχ	Ուֆ
άγγελέ	հրեշտակ
άγγιγμα	մեղքն
άγγιζα	դիպչեի
άγιε	խոստովանանքի
άγιο	համբույրն
άγιοι	չունեն
άγνωστη	Պատասխանիր
άγνωστος	օտարական
άγονο	անտոհմիկ
άδειά	Վաղվանից
άδικα	միսը
άδικο	զազրելին
άθλια	շաբաթներ
άθλιε	Քոսոտ
άθραυστος	հասատատ
άιφ	գնում
άκαρδε	անխի~ղճ
άκαρδος	Օրենքի
άκαρδους	սո՞ւրդ
άκου	տանի
άκουσέ	Սպասիր
άκουσα	այդ
άκουσες	ունկերիդ
άκουσμα	գիշերվա
άκρη	արևլյան
άλλα	ավելին
άλλαξε	ուրիշ
άλλες	կողմին
άλλη	ուրիշ
άλλης	թղթերում
άλλο	այլ
άλλοι	այլք
άλλον	չունեմ
άλλος	առաջինդ
άλλοτε	Երբեմն
άλλου	առաջինին
άλλους	հարազատներ
άλογά	ձիերին
άλογό	մասին
άλσος	շարժվում
άμαξάς	անիվները
άναψαν	կայտառացավ
άνεμο	օդի
άνεμος	որի
άνεργος	անգործ
άνετα	նրանից
άνθισε	ոսոխիս
άνθρωπε	.
άνθρωποι	նմաններն
άνθρωπος	մարդ
άνθρωπός	ով
άνοιξη	աշնան
άντε	գնա
άντρα	ամուսնուս
άντρας	մարդ
άντρες	trust
άξιε	արժանավոր
άξιζες	լիովին
άξιο	փեսացու
άραγε	խավարն
άργησα	ժամից
άργησε	ելավ
άρρωστη	վիրավորանք
άρρωστο	անզո՞ր
άρρωστος	պարագայում
άρχιζα	սկսելու
άρχισα	հասկանալ
άρχισε	անատառը
άρχοντά	տեր
άρχοντες	ահը
άσε	թող
άσπλαχνος	Նենգ
άστατο	բոլորաշրջանում
άσχετα	հնարավորությունն
άσχημα	զգում
άτιμα	նենգ
άτιμη	չէր
άτομα	Ասեցի
άτυχη	զարմի
άφ	դաշտը
άφεση	կբերի
άφηνες	տայիք
άφησέ	թող
άφησες	թողել
άφθονό	թափն
άχρηστε	ձախողակ
έβαλαν	դրին
έβαλε	գազան
έβγαλα	այդ
έβγαλε	գլխին
έβηχε	սարքեցիր
έβλεπες	Նախկինում
έβραζε	ավյուն
έβρισκε	Կարծում
έγιναν	ից
έγινε	ավարտվել
έγινες	դառնալուն
έγκαιρα	արթնացնեմ
έγλειψε	լափել
έγνοιας	կծկում
έγνοιες	հակաթույնով
έδαφος	ամբարիշտ
έδειξαν	ճշմարտությունն
έδεσαν	սյունին
έδιωχνε	երկրից
έδωσα	խոսքը
έδωσαν	նրանք
έδωσε	2-3
έζησα	ապրել
έκανα	ասել
έκανε	արեց
έκανες	դու
έκθεση	ցույց
έκλειψη	լուսինը
έκοψε	ճյուղ
έκπληξη	անակնկալ
έκσταση	ընկնել
έκταση	կողմից
έλα	արի
έλαμπε	փայլեց
έλεγα	առաջարկին
έλεγαν	Յոբան
έλειπε	բավարարված
έλενα	տունը
έλεος	գթացեք
έληξε	պարտքն
έλκηθρο	2
έμαθα	կատարյալ
έμαθαν	սովորեցի
έμαθε	ինքնազոհաբերումը
έματα	դեղնակտուց
έμεινε	կմնար
έμενα	շաբաթներով
έμπλεξε	վեճից
έμπορος	Նանուկի
ένα	մի
έναν	ընտանիքում
ένας	մի
ένιωθα	վստահ
ένιωσες	Ծանո՞թ
ένοικο	վարձով
ένοικοι	արտասահման
έντιμοι	պատվարժան
έντιμος	ասաց`
έξι	վեց
έξοδα	բավական
έξυπνα	մարդ
έξυπνος	խնդուն
έξω	գալ
έξωση	շենքը
έξωσης	հրամանով
έπ	դրա
έπαθες	մայրդ
έπαιζε	դեր
έπαιρνα	՞
έπεισα	համոզեցի
έπεισες	չհամոզեցիք
έπεσαν	մորը
έπεσε	ցատկեց
έπεσες	ո՞ւշ
έπιανε	գործը
έπιασες	հասկանո՞ւմ
έπινε	կռիվներ
έπραξαν	սենեկապաններն
έπραξε	նայում
έπρεπε	չպիտի
έργα	ահեղ
έργο	հոգսն
έργου	ներկված
έρημος	Քոմոքը
έρθει	Բիրնամը
έρθεις	հետս
έρθω	Կաց
έρτε	տեր
έρχεσαι	.
έρχεται	գալիս
έρχομαι	.
έρχονται	Գալիս
έρωτά	սիրուց
έρωτα	.
έρωτας	Կուպիդոնն
έσκιζα	ջնջեի
έσκισε	ախուվախ
έσπασε	աղջիկը
έστειλα	դայակին
έστειλε	հարցումի
έστω	տեսնելով
έσφαξαν	կինդ
έσφαξε	որոնց
έταξαν	խոստացված
έτοιμη	զորքը
έτοιμοι	Պատրաստ
έτρεφα	սրտով
έτσι	ջահել
έφαγε	վաճառականը
έφερα	վերցրել
έφεραν	հանցանք
έφερε	անձամբ
έφεση	ատյան
έφιππους	ուղարկեք
έφτανα	բարեկամ
έφτασε	գալու
έφυγα	բառ
έφυγαν	անհետացել
έφυγε	Խանկելարը
έφυγες	սեղանատունը
έχασα	զույգ
έχε	մնաս
έχει	է
έχεις	մի
έχετε	դուք
έχουμε	թռչելու
έχουν	են
έχω	եմ
ή	կամ
ήδη	արդեն
ήθελα	ինչ
ήθελε	նպատակն
ήθελες	հորդորում
ήλιο	խանգարում
ήλιος	Արևը
ήμαστε	բարև
ήμουν	ես
ήξερα	չհիշելու
ήξερε	գիտեր
ήξερες	ժողովրդական
ήπιες	Ամբողջը
ήρθα	եկել
ήρθαμε	.
ήρθαν	կտրած
ήρθατε	.
ήρθε	դիմակի
ήρθες	եկել
ήσασταν	պարոնն
ήσετε	ձախում
ήσουν	.
ήσυχα	լուռ
ήσυχη	սիրատածիր
ήσυχο	թողնում
ήσυχους	մենակ
ήσω	ելնեմ
ήταν	էր
ήτεψαν	ասացին
ίδια	էր
ίδιο	`
ίδιος	արժեքով
ίδιους	մարել
ίππου	որսալու
ίσως	գուցե
ίχνη	փայլփլում
ίχνος	դրանց
α	անիրավ
αέρα	.
αέρας	հաճախորդների
αίμα	արյուն
αίματα	կա
αίματος	շների
αίξεις	խաղալ
αίτηση	ճանաչելու
αγάπες	քիչ
αγάπη	սերն
αγάπης	սիրո
αγέλη	հոտն
αγέρα	ավեր
αγίου	պետրոսի
αγαπά	բնավ
αγαπάμε	մենք
αγαπάς	դու
αγαπάω	սիրեմ
αγαπήσεις	պարոնին
αγαπημένη	ատելի
αγαπημένος	Սիրածդ
αγαπητέ	հարգելի
αγαπητή	արդ
αγαπητοί	թանկագինս
αγαπούσα	սիրելու
αγαπώ	կողքիս
αγγ	կգնամ
αγγίζει	վնասի
αγγίζουν	.
αγγίξει	գեղեցկության
αγγίξουν	շուրթ
αγγελία	եկել
αγγελιαφόροι	բանբերը
αγγελιαφόρος	Սոխակը
αγγελικό	դեմքով
αγγλία	անգլիայում
αγγλικά	անգլերենին
αγνοήσω	չմտածել
αγνό	անդավաճան
αγορά	կառնեմ
αγοράστηκε	պատվին
αγοράσω	ծխախոտի
αγριεύουν	որսի
αγρού	ծաղիկը
αγρότες	տեղացիների
αγωνιστικότητα	գիտե՞ք
αγόρασα	իսկապես
αγόρασε	մեքենա
αγόρι	շիտակի
αδέξιες	լարված
αδίκημα	իսկույն
αδίστακτη	իշխանություն
αδελφές	գուշակ
αδελφών	երախներից
αδιάθετος	քեզ
αδιάφορο	էսկիմոսների
αδιάφορος	անտարբերություն
αδύνατον	անհնա՛ր
αετούς	արծվին
αετός	Արծիվն
αηδιάζω	կորիր
αηδιαστικό	զզվանք
αηδόνι	այգաբացի
αθάνατους	անմահություն
αθώος	անմեղ
αι	խղճմտանքի
αιματηρά	չմատնեն
αιματηρή	մանրամասներն
αιματηρό	մտադրությունս
αιματοχυσία	վեճը
αιμοβόρο	չարք
αιμοβόρος	խիստ
αινιγματική	անհարթ
αισθήσεις	զգայարաններն
αισχρό	կառուցվածքի
αισχρός	պակաս
αιτούμαι	պարոն
αιφνιδίασαν	ամրոցը
αιφνιδιάσω	կարշավեմ
αιχμαλωτίζει	բանտել
αιχμηρό	սոուսի
αιωρούμενο	դաշույնն
αιώνα	բոլորը
αιώνια	հավիտենական
αιώνιο	թույնն
ακή	չարիք
ακίνητα	տների
ακατάλυτο	ընդմիշտ
ακατονόμαστη	անուն
ακμαία	հաստատ
ακοή	խոսքերն
ακολουθείστε	կապուլետնե~ր
ακολούθησαν	սկսվեց
ακονίσει	դա
ακουγόταν	ձայնն
ακούγεται	հնչում
ακούει	լսել
ακούμε	-որ
ακούς	կախիր
ακούσεις	լսել
ακούσουν	դառնում
ακούστε	ցած
ακούστηκαν	լսել
ακούστηκε	չլսեցի
ακούσω	Դեռ
ακούω	աղմուկ
ακράδαντα	համոզմունքը
ακρίδας	թևերից
ακριβό	դեն
ακριβώς	այդպե՞ս
ακρόαση	լսում
ακτές	տեղ
ακτή	ափ
ακτής	ափը
ακυρώθηκε	տրվում
ακόλουθους	սենեկապաններին
ακόλουθούς	պարգևներ
ακόλουθών	կքսեմ
ακόμα	բառ
ακόμη	.
ακόντιο	նիզակը
αλή	բարիք
αλήθεια	ճշմարիտ
αλήθειες	ասացին
αλήτη	պարծենկոտ
αλί	երկիրը
αληθινή	ոխն
αληθινού	այն
αληθινό	լինելու
αλλά	սակայն
αλλάζει	փոխվում
αλλάξει	փոխվել
αλλεγκού	ալիգուն
αλλιώς	կդատապարտվեն
αλλού	ծովը
αλλόκοσμες	քույրերին
αλλόκοτα	տարօրինակ
αλοσύνη	կաթով
αλόγων	ձիերի
αμέδουλα	միջուկ
αμέσως	անմիջապես
αμήν	ամեն
αμαρτία	մեղքն
αμαρτωλέ	մեղսավոր
αμβλύνεις	ցավից
αμετανόητοι	Քաղաքացիական
αμπχαζικά	հասկանում
αμφιβάλλω	Ոչ
αμφιβολίες	չէի
αμφισβητεί	հաշիվ
αμφισβητείται	նետվել
αν	եթե
ανά	վանկերը
ανάβει	թե
ανάγκη	պետք
ανάθεμα	գեհնում
ανάλαφρο	թեթև
ανάμεσά	միջև
ανάμεσα	երևում
ανάμιξή	ջանքի
ανάξιο	անարժան
ανάσα	վկայի
ανάσκελα	մեծանաաս
ανάψουν	գահին
ανέμων	հողմերը
ανέτοιμοι	անպատրաստ
ανέχεσαι	հանդուրժի
ανέχομαι	.
ανήκει	պատկանում
ανήμποροι	ծալած
ανίδεη	ամենին
αναβολή	Շոտլանդիայի
αναγκάζουν	պատրաստությունը
αναγκάστηκαν	Նրան
αναγκαστήκαμε	մեղքով
αναγνωρίζεις	դանակ
αναγνωρίζετε	ճանաչո՞ւմ
αναγνωρίσει	խնամքից
αναδυθεί	պաշտելի
αναζητώντας	ունեցածը
αναθέσεις	դրդեց
αναθεματισμένο	բախտը
ανακαλύπτει	դրանք
ανακαλύπτουν	Ափին
ανακατευτείτε	փախեք
ανακατευτώ	կնստենք
ανακηρύχτηκε	արքա
ανακουφίσει	հանելու
ανακριτής	դիարհերձողը
αναπαύεστε	դեռ
αναπαύεται	հանգչում
αναπαύσει	.
αναπνέει	փոկին
αναπνοές	ծածկում
αναποφάσιστε	շրջմոլիկ
αναπτύξει	կանգնած
αναρωτιέμαι	ուզում
αναρωτιόμουν	արդյո՞ք
ανασταίνονται	նորեն
ανασταλτικά	ապստամբ
αναστείλει	միջոցների
αναστεναγμός	հառաչ
αναστολή	կառաջարկեմ
ανατολής	կերևար
ανατολικά	նրանից
ανατολική	բժշկի
ανατροπή	տապալվել
αναφέρει	.
αναφέρουν	հանդերձ
αναφέρω	աչքովս
αναφορά	հայտնությամբ
αναφορές	չէ
αναφροδισία	․
αναχώρησή	գնալ
ανδρεία	ուղղում
ανεβάσουν	նավ
ανεβώ	տանից
ανεξαρτησία	բնակվում
ανεργία	շնորհիվ
ανεχτείς	Չե~ս
ανησυχεί	չանհանգստանա
ανθίσει	կպճնվի
ανθρώπινη	գիտություն
ανθρώπου	ծաղրիր
ανθρώπους	նման
ανθρώπων	լծած
ανικανοποίητο	թողնում
ανοίγει	չի
ανοησία	արել
ανοησίες	էդ
ανοικτά	բաց
αντάλλαγμα	ուխտի
αντέξουν	ճամբար
αντέχεις	տապալում
αντί	ինչից
αντίδοτο	կուրծքը
αντίδρασή	Ժորժեի
αντίθετους	խառնվածքներն
αντίληψη	Ամենաշատն
αντίο	բարով
αντίρρηση	չունե՞ք
αντίσταση	դիմադրություն
αντίχειρά	մա՞տն
αντίχειρές	ծակոցը
ανταλλάσσει	ուլունքների
ανταμείψουμε	առաջնորդենք
ανταμοιβή	պտուղն
ανταποδίδω	կամենում
ανταπόδιδα	մխիթարության
ανταρσία	ապստամբների
αντηχεί	երկինքն
αντικρίζω	գիշեր
αντικρίσει	հանդիման
αντικρίσετε	սարսափն
αντικρούσει	բերում
αντιμετωπίζαμε	ճակատի
αντιμετώπισε	բազկի
αντρών	թաքցրած
ανυπάκουη	անպիտան
ανυπακοής	մեղքի
ανόητη	խևն
ανόητο	ապուշի
ανόητος	անսաստ
ανύπαρκτη	պատրանք
αξία	գնահատված
αξίζει	արժանի
αξίζουν	վեր
αξιέ	վեհանձն
αξιαγάπητος	սիրունատես
αξιοθρήνητη	թշվառական
αξιολύπητη	թանձր
αξιοπρεπής	Նաև
αξιόπιστη	աղբյուրներից
αξιώσει	Տերը
απ	շունչ
απ'	`
απ'έξω	շենքը
απ'αυτόν	չունենք
απ'τα	աղջկա
απ'τη	կոտրվածքներով
απ'το	գրասենյակից
απ'τον	.և
απ'όσα	աստիճանի
απάντηση	պատասխանում
απέλυσα	պաշտոնից
απέναντι	ապրում
απένταρος	ժամանակ
απέραντη	առատ
απέτυχες	չասես
απαίσιε	անբանի
απαγορεύει	հատուկ
απαλό	քավել
απαλύνουν	համբույրով
απαντάς	չհակաճառես
απαντήσει	կպատասխանի
απαντήσουμε	կտանք
απαντήστε	հարցումդ
απαράμιλλη	թանկ
απαραίτητο	անհրաժեշտությունը
απασχολεί	կիմանամ
απασχολούσε	անհանգիստ
απείθαρχα	ցնցոտիներով
απειλείται	Մոնտեգյուի
απειλούσε	եղավ
απελευθερώσει	կապանքներից
απελπισία	պահիր
απελπισίας	որքան
απεριόριστη	.
απιστίες	երդումների
απλά	նկարահանվող
απλωθεί	շարքն
απλώς	ես
απο	կողմ
αποβίβαση	հասնում
απογραφή	ունեցվածքն
απογόνούς	հիմնադիր
αποδίδουμε	հաճո
αποδείξεις	ապացույցը
αποδείξω	սուտդ
αποδείχτηκαν	մեղք
αποδειχτούν	հնարավոր
αποδεκτή	կողմերի
αποδοκιμάζονται	արդեն
αποκλειστικά	խոսող
αποκοιμιούνται	սմքում
αποκρουστικά	լսելն
αποκρυπτογραφώ	հոգ
απολαύσεις	զգացում
απολύεσαι	ազատված
απολύτως	հասել
απομακρυσμένο	կան
απομακρύνθηκε	քայլեցի
απομακρύνσου	փախիր
απομεινάρι	ճաշկերույթի
απορία	քար
απορρίπτεται	պահանջը
απορριπτεται	"
απορριφτούν	կող
απορροφούσα	էջ
αποστάσεις	Հեռավորություն
αποσταλμένοι	սուրհանդակները
αποστολέα	ուղարկվել
αποστρεφόταν	դևն
αποτέλεσμα	հետևանք
αποτελέσματα	գնահատեն
αποτελεί	դեն
αποτελειώσουν	կկրծեն
αποτινάξτε	թափ
αποτρέψω	կանխես
αποτύχαμε	չստացվի
αποτύχει	Քունայուն
αποτύχουμε	կստացվի
απουσία	հորս
αποφάσισα	որոշեցի
αποφάσισε	որոշեց
αποφασίσαμε	վճռել
αποφασίστε	ինքներդ
αποφασισμένος	միջոցով
αποφοίτησή	Մաանի
αποφοιτάς	մասնաքցել
αποφοιτήσω	ավարտելուս
αποφράδα	.
αποφύγετε	պարոններ
αποφύγουμε	կռվից
αποφύγω	կանխեմ
αποχαιρέτησε	առանց
αποχαιρετισμούς	պետք
αποχωρήσω	արձակում
αποχωριστούμε	գնա
απρίλιο	վարկ
απτή	մեկը
από	և
απόγευμα	կեսօրին
απόλυτη	հավատ
απόπειρα	Փորձն
απόφαση	կայացրեց
απόφευγα	խուսափել
απόψε	գիշեր
απώλεια	պակաս
αράχνης	ոստայնից
αρέσει	դուր
αραβίας	մի՞թե
αργά	դանդաղորեն
αργήσει	կորցնեմ
αργήσω	շուտով
αργοί	ծանրաշարժ
αργούν	չէ
αργυρό	ոսկի
αργόστροφη	.
αργότερα	ուշ
αριά	կհրաժարվեր
αριθμό	թիվը
αριστοκρατικός	ասելով
αρκετά	առաջինը
αρκετές	զրկվեցի
αρκετή	բավ
αρκετοί	են
αρκετό	բավական
αρκούδα	կարող
αρκούδας	կաթսա
αρκούδες	գույնզգույն
αρμονικά	կշարունակենք
αρμόζουν	հասնեն
αρνήθηκε	ասել
αρνήσου	ժխտիր
αρνείσαι	չես
αρνηθείτε	մերժեք
αρνιόταν	համարձակվեր
αρνούμαι	երդվում
αρπάξουν	Որդիք
αρπάξω	կառնեմ
αρραβωνιασμένη	ունե՞ր
αρραβώνας	նշանվածները
αρσενικά	արու
αρτοφορίας	պողոս
αρχή	թվաց
αρχίζει	աճում
αρχίζω	սկսում
αρχίσουμε	գնացինք
αρχαία	համարձակվել
αρχηγία	ոհմակի
αρχηγός	իտիվիմուիտների
αρχύτερα	վայելի
αρώματα	բույրերը
ας	երկինքն
ασ'	թողեք
ασέβεια	նվիրական
ασέλγεια	շնության
ασήμαντα	խաղալիք
ασήμαντο	մանրուք
ασανσέρ	վերելակի
ασθένειά	գտիր
ασπρίσει	գույնն
αστέρια	աստղերը
αστειεύομαι	Կատակ
αστραπή	ամպրոպին
αστυνιμία	ոստիկանություն
ασυμφωνία	եբ
ασυνήθιστο	կատարվել
ασφάλεια	գործի
ασφαλής	ապահովություն
ασφαλείς	ունենանք
ασύγκριτος	ազգական
ατάρες	անեծք
ατέλειωτες	ժամերն
ατέρα	արքաների
αταξίες	անկարգությամբ
ατολμία	Կուզենայի
ατρόμητη	անսասան
ατυχία	զույգվիր
ατύχημα	պատահա՞ր
αυγή	կծաղկի
αυγής	աղոտ
αυθόρμητη	սիրահարված
αυξήσω	մատնի
αυτά	ինչ
αυτές	ամենից
αυτή	այս
αυτήν	հարսնացու
αυτί	ականջին
αυτιά	դու՞րս
αυτοέλεγχό	չկորցնել
αυτοί	ախոյանները
αυτοι	լսի՛
αυτοκίνητο	վերցրու
αυτοκίνητό	կբերեմ
αυτοκτονήσεις	քե՞զ
αυτοκτονία	ինքնասպանություն
αυτοτιμωρία	սովորել
αυτού	անարգ
αυτούς	նրանց
αυτό	այս
αυτόν	կգամ
αυτός	այս
αυτών	Չարաբաստիկ
αφ	կնստեն
αφέντη	տեր
αφέντης	հյուրերիս
αφήνεις	;
αφήνοντας	համարձակվի
αφήνουν	կապիր
αφήνω	արձակում
αφήσει	թողել
αφήσεις	.
αφήσουμε	Թող
αφήστε	գալիս
αφήσω	ընտանիք
αφαλό	պորտից
αφεντάδων	տերերի
αφεντικό	դրության
αφορμή	առիթ
αφορούν	քո
αφοσίωση	հավատարիմ
αφού	եթե
αφύλακτο	անպաշտպան
αχ	ավա~ղ
αχάριστο	ապերախտ
αχαριστίας	անշնորհակալ
αχρείαστο	սեղանին
αχρείε	ինչո՞ւ
αχρείο	.
αχρείος	սրիկա
αψηφώ	մարտի
αόρατό	մարիր
αύριο	վաղը
βάθη	սերն
βάλει	մեկը
βάλσαμο	լվացարանն
βάλω	սրտիս
βάρα	մերկուցիո
βάρκα	մակույկն
βάση	որսը
βάτραχος	գորտը
βέβαιος	վստա՞հ
βέπω	նախկինի
βέρκερκ	վերկերկ
βήμα	շարժվում
βήματα	հող
βίαιες	խինդ
βίαιο	վախճան
βίλεμ	վիլլեմ
βαθιά	արյունով
βαθιές	ճեղք
βαθμό	ծաղկել
βαθύ	չէ
βαλεντίν	վալենթին
βαλτάσαρ	բալթազա՞ր
βαρέθηκε	հոգնել
βαραίνει	չե՞ք
βαρβαρότητα	պատեք
βαριά	ծանրացած
βαρύ	կորացրել
βασάνιζε	Առաջին
βασίλισσα	թագուհին
βασικά	գումարի
βασιλέψει	զարմն
βασιλιά	արքա
βασιλιάδες	արքաներ
βασιλιάδων	ժառանգի
βασιλιάς	արքան
βασιλιάων	սերնդի
βασιλικές	տիրակալ
βασιλική	խառնվածքով
βατράχου	դոդոշի
βαφτίζομαι	ստացիր
βγάζει	վարձը
βγάζουν	տեղիղ
βγάλε	դրա
βγάλει	Լեզուդ
βγάλεις	բարեհաճես
βγάλω	ինքնուրույն
βγαίνει	գա
βγείτε	վեր
βγει	ֆիլմը
βγες	գանք
βγω	դուրս
βδομάδα	շաբաթից
βδομάδες	շաբաթ
βεβαιώνονται	հաստատվեցին
βελζεβούλη	բեեղզեբուղի
βεντάλια	տուր
βερ	վեյվեր
βερόνα	հաշվեհարդար
βιάζεται	Արագ
βιαστείς	շտապեք
βιαστικά	փութով
βιαστούμε	կվերածվի
βιαστώ	շտապեմ
βιβλία	գրքեր
βιβλίο	գիրք
βιβλίων	գնահատվել
βιβλιοθήκη	գրադարանը
βιός	համրել
βλάκας	եղել
βλάψει	Հասու
βλάψουν	ծառաները
βλέπεις	նայում
βλέποντας	տեսնում
βλέπουμε	ձեռքներս
βλέπουν	գոց
βλέπω	տեսնում
βλακώδες	սագի
βλαστάρι	նորատունկ
βλαστός	բողբոջն
βοήθειά	բարեհաճությամբ
βοήθεια	հայցելու
βοήθησέ	դիր
βοήθησα	օգնե՛լ
βοήθησε	վկայում
βοηθήσει	ինքն
βοηθήσεις	ապա
βοηθήσω	օգնել
βοηθό	խանգարի
βολεύει	հարմար
βοριά	գրկում
βουνοκορφές	կատարին
βούτυρο	թյուր
βράδια	երգում
βράδυ	երեկո
βράσε	դյութանքից
βράχος	մարմար
βράχους	պսակում
βρέθηκες	ինչո՞ւ
βρέξει	գալու
βρήκα	արտասահման
βρήκαν	քենը
βρήκε	երեկ
βρίσκεται	թաքնվում
βρίσκομαι	շտապենք
βρίσκονται	մնան
βραδιά	հրաշալի
βραχύβιο	մարիր
βρε	գրկեց
βρεί	գտել
βρείς	գիտես
βρείτε	գտնել
βρεις	այնտեղ
βρες	գնա
βρομερή	ձեռքերիցդ
βρομερό	ճախրենք
βροντή	Փայլակ
βρουν	սիրես
βροχή	անձրևին
βροχερό	մարտյան
βρούμε	ենք
βρω	գտնեմ
βρωμομπάσταρδε	թողե՛ք
βρύα	վառելիք
βωβές	ֆիլմերի
βωβών	դերասան
βόλτα	ելա
βόρεια	ծանոթացա
γ.	կատադրոյֆեն
γάμο	ամուսնությունը
γάμος	ամուսնության
γάντι	ձեռնոց
γάτα	միջի
γάτων	թագավոր
γέννησή	ծնունդն
γέννησε	ծնել
γέρικος	ճագար
γέρνει	ինչպես
γέρνουν	թոշնում
γέρο	պապուն
γέροι	ձևացնում
γέρος	իսկի
γίγαντα	զգեստին
γίνει	եբ
γίνεις	ապագա
γίνεται	նորություն
γίνουν	որդիներդ
γίνω	կենդանի
γαλλικά	ֆրանսերեն
γαμημένε	անպիտաններ
γαμπρό	գտել
γαργαλάει	տասանորդ
γεγονότα	ընկերության
γειά	մեր
γεια	մնաս
γειτονιά	այդտեղից
γελάει	ծիծաղում
γελάς	ծիծաղիր
γελοίο	ւն
γελοιοποιούν	խաբում
γεμάτες	կյանք
γεμάτη	բարության
γεμάτο	.
γεμάτοι	ձեռքերին
γεμίζει	երազում
γεμίζουν	պատերի
γεμίσουν	հույսեր
γεμίστε	իգությունն
γεννήθηκε	Ծնունդն
γενναία	խրոխտ
γενναίε	խիզախ
γενναίες	շողշողում
γενναίος	քաջ
γενναιόδωρος	Շնորհաշատ
γενναιότητά	հավատ
γεννηθείς	ծնունդը
γεννημένο	զորու
γεννημένος	կնոջից
γεράσει	պսակվում
γερό	շնակապիկի
γερός	ամբողջական
γεωργία	ջորջիան
γεωργιανοί	?
γεωργιανούς	վրացիներինն
γεύμα	մնացորդից
γεύση	ահի
γη	.
γης	պատահում
γι	ուզում
γι'	իմանու՞մ
γι'απόψε	վստահ
γι'αυτή	հայտնել
γι'αυτήν	չլսեցի
γι'αυτό	քննարկումներ
γι'αυτόν	հարցնում
γιάκομπ	յակո՛բ
για	համար
γιακόμπα	յակոբան
γιαν	մաանը
γιατί	քանզի
γιατρέ	բժիշկ
γιατρικό	լուծողական
γιατρούς	գտեք
γιατρό	բեր
γιγάντιοι	վիթխարի
γιε	որդի
γινόταν	արթնացնեիր
γιο	գահի
γιοι	Արքայորդիներ
γιορτάσω	նշել
γιορτές	դաշույնները
γιορτή	երեկույթը
γιος	որդին
γιους	համա՞ր
γιόμπα	յոբա
γιόνσεν	յանսե՛ն
γκάγκελαρ	դե
γκλάμις	գլամիսի
γκρεμιστούν	հողմից
γκριμάτσες	ծամածռություններ
γλέντι	սնուցանողը
γλίτωσε	տվեց
γλείφει	սառցակալում
γλεντήσουμε	Մաանի
γλεντούσα	թշնամուս
γλεντούσαμε	ճիշտն
γλιστράει	սրտի
γλιτώσει	կարենալ
γλυκά	քաղցրահունչ
γλυκάνουν	ձեռքի
γλυκέ	անգին
γλυκαίνει	նրբորեն
γλυκιά	.
γλυκό	բերկրանքն
γλυκύτερο	մեղրն
γλυκύτητα	ախորժակ
γλύκα	սիրունիկ
γλώσσα	բանն
γνωμικού	կատու
γνωρίζει	դա
γνωρίζεστε	ծանո՞թ
γνωρίζετε	ճանաչում
γνωρίζουν	մահկանացուների
γνωρίζω	ծանոթանալը
γνωρίστηκες	առաջին
γνωστό	անձն
γνώριζε	վաղուց
γνώριμη	ծանոթ
γνώρισα	ավաղ
γνώση	գիտելիքներդ
γοητεύσεις	հիացրեցիք
γονατίζει	հեծում
γονείς	գժտվել
γονιών	ջնջեց
γοργά	արագ
γουίλιαμ	վիլյամ
γουινέα	գվինեա
γουστέρας	շիվին
γράμμα	աշխատանքից
γράμματα	կպատասխանի
γράψει	մի՛
γράψεις	գրելու
γρήγορα	.
γρήγοροι	լինեն
γραμμένο	տեսնեի
γραμματέας	քարտուղարուհին
γρατσουνιά	քերծվածք
γραφ	գրությունն
γραφείο	գրասենյակում
γραφείου	գրասենյակի
γραφομηχανή	տպել
γραφονται	ցանկացողները
γραφτώ	սեպտեմբերից
γρηγορο	արագ
γροθιές	հարվածներն
γρύλου	ծղրիդի
γυναίκα	կին
γυναίκες	խոստացավ
γυναικεία	կնոջ
γυναικών	սիրո
γυρίζουν	վերադառում
γυρίσει	վերադառնալ
γυρίσεις	տեսություն
γυρίσματα	նկարահանել
γυρίσουμε	կարևոր
γυρίσω	արժեքավոր
γυρεύω	գիտեք
γυρνάω	նայիր
γόνους	համա՞ր
γύριζε	եկողը
γύρισα	շնորհավորելու
γύρνα	շրջվիր
γύρναγες	թափառում
γύρο	կենացը
γύρω	.
δ	Ստրոմքոնինգի
δάκρια	արցունքների
δάκρυά	արցունքներից
δάκρυα	արցունքները
δάνειο	վերցնել
δάνεισε	միանվագ
δάσος	անտառի
δάχτυλο	քաղաքագլխի
δέκα	տասը
δέκατα	կխեղդեմ
δέκατο	անեմ
δέντρα	ծառերը
δέντρο	կկախեմ
δέντρου	վահանի
δέρμα	2
δέρνονται	ընկերները
δέσε	Մակբեթի
δέσει	ջանալով
δέχεστε	մեծությունը
δέχεται	տալ
δέχομαι	համաձայն
δέχτηκε	ընդունեց
δίας	յուպիտերը
δίκαια	հիշեցրեց
δίκαιες	հրահանգ
δίκαιη	փառավոր
δίκαιος	արդարամիտ
δίκιο	զազրելի
δίνεις	եղիր
δίνω	սեղմել
δίπλα	ընկերների
δίσταζε	թվում
δίψα	արթնանում
δα	բղավող
δαίμονα	ճակատ
δαιμονισμένη	անցած
δακρύζει	լալիս
δανείστηκα	900
δανεικούς	զգեստներն
δασκαλέψεις	կռվից
δε	չեմ
δείλιασε	զորավարներ
δείξε	դեմքդ
δείξει	գործով
δείξεις	կարո՞ղ
δείπνο	ընթրիքի
δείπνου	սկսվի
δείτε	պատկերն
δείχνει	է
δείχνεις	գունատ
δείχνετε	մեր
δει	այգաբացին
δειλέ	վախկոտ
δεις	հնարավորինս
δεκαπέντε	15
δεκαπενθήμερο	որքան
δεκατέσσερα	կհասնի
δεκατεσσάρων	բոլորում
δεκατρείς	ետ
δεμένο	կապված
δεν	չի
δες	այնտեղ
δεσμεύομαι	կասկածով
δεσποινίδα	աշխատում
δεσποινίς	օրիորդ
δεσπονίς	օրիորդ
δεχτείς	հաճես
δεχτώ	կարող
δεύτερο	երկրորդ
δηλαδή	նկատի
δηλητήριο	տեսնում
δηλώνω	ասածներիդ
δηλώσει	որևէ
δημιουργήσει	կդառնան
δημιουργό	ստեղծողին
δημιουργώντας	լանջից
δημοπρασία	է
δημόσια	աչքի
διάβα	փոքր
διάβαζα	թերթելով
διάβολος	թափվի
διάθεση	իմանալով
διάλεξες	բնակության
διάολε	որտեղի՞ց
διάολο	տանի
διάρκεια	ամիսներին
διάσημο	հայտնի
διάστημα	լինել
διάφορους	սեծանրակշիռ
διέρρηξε	մտել
διέταξε	հարգանքի
διαβάζεις	մտքում
διαβάζονται	մարդ
διαβολοπορτιέρη	դռնապան
διαδεχτεί	գահն
διαδραματίζεται	հարգ
διαθέσιμος	ամուրի
διαιτητής	դր
διακοπή	խնդրում
διακριτικός	արդարամիտ
διακόσια	ապրանքի
διαλυθεί	քարուքանդ
διαλυθείτε	մահվան
διαλύθηκε	բաժանվեին
διαμάχη	Վեճը
διαμαρτύρομαι	բողոքում
διαπεραστικό	փակելու
διασκεδάσουν	սիրո
διασχίζει	շրջանցելու
διατάζει	մեծություն
διατάζετε	հարցրեք
διατάξει	իշխել
διαταγές	հրաման
διαταγή	հրավերքին
διαταράξει	փողոցների
διατηρήσουμε	խաղաղություն
διατηρείται	գմբեթն
διαφορές	արտահայտեք
διαφωνία	բանավեճը
διαχειριστήςτου	նշանակվեցի
διαψεύδουν	կեղծում
διεκδικήσει	տիրանալ
διευθύνουν	աշխատանքի
δικά	բերանի՞ց
δική	բանկը
δικαίωμα	չունե՛ս
δικαιολογία	գտնի
δικαιολογεί	մեղմում
δικαιολογηθούμε	ներում
δικαιολογώ	սիրել
δικαιοσύνη	հատուցում
δικαστήριο	դատարանում
δικαστικού	.
δικαστικός	Դատական
δικηγορία	Փաստաբան
δικηγορικό	Փաստաբանական
δικηγόρο	դիմեք
δικηγόροι	աշխատում
δικηγόρος	փաստաբան
δικοί	արգելք
δικούς	զարմը
δικό	բարիքի
δικός	թշնամին
δικών	կամաչեմ
διπλά	ապահովությունն
διπλή	կրկնակի
διπλός	ջանք
διώξε	արձակիր
διώχναμε	կքեշինք
δολοφονική	սահմռկելի
δολοφόνησε	քունը
δοξάρι	աղեղը
δοξασίες	աչքում
δουλέψουν	բացառապես
δουλέψω	աշխատելու
δουλειά	աշխատանք
δουλειές	ազատվելուց
δουλεύε	նա
δουλεύει	սպասուհի
δουλεύεις	օր
δουλεύω	Միլլերի
δουλοπάροικοι	հիմար
δουν	զանգիտ
δοχείο	գա
δούλε	սրիկա
δούλευες	աշխատել
δούλεψα	օգնել
δούμε	.
δρ	պր
δρασκελιές	ուրու
δροσερή	նույնպես
δρόμο	արեք
δρόμους	փողոցներում
δυναμώνει	չգնաս
δυνατά	ծեծում
δυνατές	ճնշմանը
δυνατή	խոսի
δυνατό	կուժեղացնի
δυο	երկու
δυσαρέσκειά	դժգոհության
δυσαρέστησα	համար`
δυσαρμονίες	կոպիտ
δυσκίνητοι	դանդաղ
δυστυχία	կարծելով
δυστυχισμένη	դժբախտ
δυστυχώς	այդ
δυτικά	կղզիներից
δω	այստեղից
δωμάτιο	սենյակում
δωμάτιό	սենյակը
δωροδοκήθηκαν	կաշառել
δωσ'	սուսեր
δόντια	թափի
δόξα	անունն
δόσεις	առանց
δύναμή	կարենա
δύναμη	կինն
δύο	երկու
δύση	կթոշնի
δύσκολα	մագլցել
δύσκολη	ահեղ
δύσκολο	դրված
δύσμορφο	կտեսնի
δώ	տեսնել
δώδεκα	կեսգիշերին
δώρα	ծառաներին
δώρο	.
δώσε	ժ
δώσει	այլոց
δώσεις	տալու
δώσετε	այն
δώσουμε	կտեսնեն
δώστε	վերջին
δώσω	արջավարի
ε	անհավատալի
είδα	տեսա
είδες	տեսել
είδηση	լուրը
είκοσι	քսան
είμ'	պարոն
είμαι	եմ
είμαστε	ենք
είν'	հաճելի
είναι	է
είπα	ասացի
είπαν	.
είπατε	ասացիք
είπε	ասաց
είπες	բոլորին
είσαι	ես
είσοδο	.
είστε	պիտի
είχα	էի
είχαμε	բախվում
είχαν	ուստի
είχε	էր
είχες	էիք
εαν	բնությունը
εαυτό	ինձանով
εβδομάδα	7
εβδομάδες	մնում
εβραίου	զազրախոս
εγγύηση	չունե՞ք
εγκάρδια	առաջինին
εγκαταλείπουν	բնակեցվում
εγκαταλελειμμένο	հասնել
εγκατασταθεί	Գիտես
εγκρίνουν	չհավանեցին
εγκυκλοπαίδειά	հանրագիտարա՞նը
εγκυκλοπαίδεια	հանրագիտարան
εγώ	ես
εδώ	այստեղ
εθιμοτυπική	խնջույք
εθρός	չե՛նք
ει	հնչմամբ
ειδικευτώ	մասնագիտանալ
ειλικρινά	հարգանքներով
ειλικρινείς	հայտնի
ειναι	խայտառակությո՜
ειπωθούν	անապատին
ειπώθηκε	ավետեցին
ειρήνη	աչքում
ειρήνης	խաղաղության
εις	մարմին
εισήγηση	Պաշտպանական
εισόδημα	եկամուտ
εκ	տիրուհիս
εκέι	այնտեղ
εκατομμύρια	մարդկանց
εκατοντάδες	մղոնով
εκατό	հարյուր
εκβιάζω	շանտա
εκδίκαση	չորեքշաբթի
εκδικηθούμε	վրե
εκδικηθώ	վրեժս
εκεί	այնտեղ
εκείνα	կոչեցին
εκείνες	վհուկը
εκείνη	վատ
εκείνης	բախտին
εκείνο	խարիսխ
εκείνος	նա
εκείνου	խլեմ
εκκλησία	եկեղեցի
εκκλησίας	.
εκκρεμούν	ունես
εκλιπαρώ	հարցումներին
εκνευρίζαμε	միաժամանակ
εκπλήξεις	.
εκπνεύσουν	խրախճանքից
εκπροσωπεί	դատապաշտպանն
εκπροσώπησε	ներկայացնում
εκτάσεις	դաշտերը
εκτελέσω	նպատակիս
εκτιμώ	կասկածեք
εκτός	եթե
εκφράζεται	բառով
εκφράσεις	դեմքը
ελάτε	ինձ
ελάχιστα	խոսում
ελέγχου	լիովին
ελέφαντας	փի՞ղ
ελαφριά	օմիակը
ελαφρόμυαλη	համարես
ελευθερία	գործին
ελευθερώνει	թե
ελεύθερες	ժամանակն
ελεύθερη	Վերջապես
ελεύθεροι	աշխարհը
ελεύθερος	ազատ
ελκήθρου	հեշտ
ελλείψεων	եղավ
ελπίδα	հույսը
ελπίδες	հույսերը
ελπίζεις	հույս
ελπίζω	կսկսվի
εμάς	մատն
εμένα	ասա
εμείς	կարծրատիպը
εμπειρία	հետազոտությամբ
εμπιστέψου	տիրուհուն
εμπιστοσύνη	no
εμποδίσει	կողմից
εμπρός	դե
εμπόδια	հպատակն
εμπόδιο	անել
εμπόρευμα	200
εμφανίστηκε	ուշ
εν	դեռ
ενάμισυ	քնի
ενάρετος	առաքինի
εναγόμενος	պաշտպանվող
εναντίον	ընդդեմ
ενδέχεται	ավելի
ενδοιασμοί	չզարթնի
ενεργεί	ապահով
ενημερώνουμε	Սույնով
ενθάρρυνση	մխիթարություն
ενθουσιασμός	ծովացուլն
εννιά	ինն
εννιακόσια	ինը
εννοείς	արքայի
εννοείτε	ասել
εννοούσα	չասացի
εννοώ	Ուզում
ενοίκια	այդքան
ενοίκους	թափեց
ενοχή	մեղադրեն
ενοχλήσω	խանգարեմ
ενοχλείς	հոքնացնել
ενοχλούσα	ինքնամփոփությունն
ενοχλώ	.
εντάξει	լավ
εντελώς	վայել
ενωμένα	մասերը
ενώ	՞
ενώσει	պսակով
εξάλλου	դրեյվերհավենը
εξήγησέ	եկ
εξήγησα	խանութի
εξήγηση	փոքրիկ
εξήντα	վաթսուն
εξαγνιστεί	մաքրագործում
εξαιρετικά	դեպք
εξαιρετική	անսովոր
εξαιρετικός	բացառիկ
εξακολουθείς	կմնաս
εξαντληθεί	խոնջացած
εξαντλημένος	հյուծված
εξαρτάται	հույսը
εξασκείτε	կերպ
εξασφάλισα	բնականաբար
εξαφανίζεται	ձաjնը
εξαφανίστηκε	նյութական
εξαφανίσω	բացեիբաց
εξερευνήσεις	ժապավեն
εξερευνήσεων	1910
εξερευνητική	խմբով
εξετάσεις	առա՞ջ
εξετάσουμε	քննելու
εξηγήσει	գրամաֆոնի
εξηγήσω	պարտք
εξηγείτε	Ինչով
εξομολογηθεί	կստանա
εξομολογηθείς	պարոն
εξομολόγηση	խոստովանանքը
εξοπλισμό	զուտ
εξορία	աքսորված
εξορίζω	ևեթ
εξοργίζουν	գրգռում
εξοργισμένη	զայրացած
εξουσία	Մակբե՞թն
εξουσιάσει	Մակբեթին
εξωτερικό	գտել
εξόδων	պարտատերերի
εξόργισέ	փրփրի
εξόφληση	առաջարկում
επάνω	վեր
επέστρεψε	հերթին
επίθεση	արտաքին
επίορκοι	ազնվության
επίορκος	մտածիր
επίσημο	ընթրիք
επίσης	կար
επίτρεψέ	թույլտվությամբ
επαναλάβω	ասել
επανορθώσω	խանութ
επαφές	հարաբերություններ
επείγον	Մայերը
επεσήμανε	պահեց
επιβεβαιώνει	արձակելով
επιβεβαιώσει	խոսքերին
επιδεικνύει	հպարտությամբ
επιδόσεις	արգելակում
επιζήσει	ժողովուրդ
επιζεί	փրկվել
επιθετικά	անհնազանդ
επιθυμία	կհաճի
επιθυμεί	մեծությանն
επιθυμείτε	հարկե
επικίνδυνα	հմտությունն
επικίνδυνο	դարձնում
επικίνδυνος	վտանգավո՞ր
επικεφαλής	առաջնորդին
επικούρειους	ցոփ
επιλογές	մնում
επιμένει	նպատակի
επιμένεις	հերքում
επιπλέουν	սառցակտորներն
επιπτώσεις	դավում
επισημότητα	տատմայրն
επισκέπτη	պետք
επισκέφτηκες	եք
επισκεφτώ	այցելել
επιστρέφεται	ետ
επιστρέψαμε	այստե՜ղ
επιστροφή	արժեքը
επιταγή	ուղարկել
επιτρέπετε	եմ
επιτυχία	հաջողություն
επιχείρηση	գործի
επομένως	այդու
εποχές	մտնենք
εποχή	ժամանակաշրջանի
επόμενη	ներկայանալ
επόμενο	առավոտ
εράνους	երազել
εράσω	առնի
εραστή	սիրահար
εραστών	սիրահարների
εργάζεσαι	աշխատում
εργάζεστε	կարելի
εργάζεται	աշխատում
εργάζονται	փաստաբաններ
εργαζόμαστε	ապագայում
ερφυσική	միջնորդությունն
ερχομό	լուրը
ερχόμαστε	արշավել
ερχόμουν	օրն
ερχόσαστε	մեկնել
ερχόταν	բերեր
ερωμένη	հա՞րճ
ερωτήσεις	Հարցերն
ερωτευτεί	սիրել
ερωτεύτηκε	աննյութ
ερωτικά	կրում
εσάς	քեզ
εσένα	եմ
εσείς	դուք
εσκιμώοι	ջերմացնում
εσπερινό	մոտենամ
εστιατόριο	ծանոթացել
εσωτερική	Ներսում
εσύ	դու
εταιρία	ընկերակցության
ετοιμάζεις	զբաղված
ετοιμάζεται	Նանուկ
ετοιμάσει	հանկարծահաս
ετοιμότητά	սրահում
ευγενή	հաջորդ
ευγενής	.
ευγενικά	.
ευγενικέ	բարեկիրթ
ευγενική	աչքն
ευγενικοί	փախչել
ευγενικό	բարի
ευγενικός	զարմիկ
ευδιάθετη	կաց
ευημερία	հոգիս
ευθύνες	երեխայի
ευθύνεται	պատահել
ευθύνη	պատասխանատվություն
ευθύς	գիշեր
ευκαιρήσεις	կամենաս
ευκαιρία	թողնի
ευκαιρίες	ձեզ
ευλογήσουν	ժպտա
ευλογία	օրհնանք
ευλογίες	թափվում
ευλογημένα	համարեի
ευλογημένη	օրհնի
ευλογημένο	երդվում
ευπρόσβλητοι	նրանք
ευσεβείς	աստվածավախ
ευτυχέστερος	երջանիկ
ευτυχής	երջանիկ
ευτυχήσεις	կլինես
ευτυχία	այդ
ευτυχισμένες	օրերիդ
ευτυχισμένος	.
ευχάριστα	հաղորդեմ
ευχάριστο	զարթնել
ευχή	նույնն
ευχαριστήσει	երկուսի
ευχαριστήστε	ստանամ
ευχαριστεί	շնորհակալ
ευχαριστούμε	ենք
ευχαριστώ	շնորհակալություն
εφευρέτη	հնարողներիս
εφιαλτών	տանջահար
εφτά	իննը
εφτακόσια	700
εχέγγυα	գրավ
εχθρού	ախոյանի
εχθρούς	որոնելու
εχθρό	թշնամուն
εχθρός	թշնամին
εϊ	Հեյ
εύθραυστος	Ճամփա
εύκολο	ճամփով
εύκρατος	թե
εύσπλαχνοι	բարեգութ
εύφορο	մշակելով
εύχομαι	այն
ζ	միևնույն
ζέστη	.
ζήσε	ուրեմն
ζήσει	ոխով
ζήσεις	ապրես
ζήσω	ապրեմ
ζήτα	պատասխան
ζήτησα	հարկավոր
ζήτησε	հարցրեց
ζήτησες	դիմել
ζήτω	կեցցե
ζαλισμένη	հարբած
ζαχαρωτά	օծանակով
ζει	ապրում
ζεις	վախկո՞տ
ζεστά	շուրթերդ
ζεστές	ըմբոստ
ζεσταίνεσαι	միգուցե
ζεστό	ամենաերևելին
ζευγάρι	զույգ
ζημιά	վիրավորանքը
ζητάει	ձեզ
ζητάς	կքաշի
ζητάω	խնդրում
ζητήθηκε	չէիք
ζητήσει	պարոնը
ζητήσεις	զգաք
ζητήσουμε	ցանկացած
ζητήσω	ասել
ζητιάνοι	մուրացիկ
ζητιάνους	գերեզման
ζητώ	խոնարհաբար
ζουλάει	մեջքի
ζουν	ողջ
ζούσε	ապրելը
ζυγό	տակ
ζωές	կյանքեր
ζωή	կյանքս
ζωής	կյանքի
ζωγραφισμένος	պատկեր
ζωντανή	պառկել
ζωντανό	թողնելով
ζωντανός	սովից
ζωρζ	ժորժե
ζώα	ծովացլերի
ζώο	պարբերաբար
η	է
ηγείται	կատաղությամբ
ηθικός	կիրթ
ηθοποιούς	դերասաններից
ηθοποιό	դերասան
ηθοποιός	դերասանուհի
ηλίθια	.
ηλίθιος	հիմար
ηλίου	.
ηλικία	աղջկաս
ηλικίας	ծեր
ημέρα	օր
ημέρας	գործերը
ημιτελείς	ամբողջական
ηρέμησε	աչքերին
ηρεμήσω	.
ησες	լքեցիր
ησυχία	առարկա
ησυχια	էկրանի
ησύχασε	խաղաղվիր
ητείες	հավատանք
ητικούς	խոսքերով
ηττημένο	ընտրել
ηττημένος	հաղթի
ηχήσουν	հնչեցրեք
ηχώ	արձագանքել
θ'	,
θ'αναγκαστώ	Խանկելար
θ'ανοίγοταν	.
θ'αργήσει	ուշանում
θ'αργήσω	տևի
θάλασσα	վայրերը
θάλασσες	բյուր
θάνατε	մահ
θάνατο	ամենօրյա
θάνατος	մահն
θάνατό	եկ
θάνατός	ապրած
θάνη	թեն
θάνηδες	փախան
θάνης	թենն
θάρρος	ամուր
θάψεις	թաղելու
θέαμα	տեսարանների
θέλει	ուզում
θέλεις	բերել
θέλετε	.
θέλησή	հրաման
θέλησής	խթան
θέλησε	նվիրումն
θέληση	պատրաստ
θέλουμε	Անկախ
θέλουν	գործ
θέλω	ուզում
θέμα	այդ
θές	կմիանամ
θέσεις	տեղը
θέση	աշխատանք
θήραμα	հանում
θα	ես
θα'ναι	կլինեն
θα'ρχεσαι	այցի
θαλάσσιοι	ծովացլեր
θαλάσσιου	կաշվով
θαμμένος	թաղված
θανάσιμες	վերքը
θανάσιμος	մռայլ
θανάτου	անբնական
θαρρώ	սակայն
θαυμάσιες	նկարները
θαυμαστές	ապշեցուցիչ
θεέ	աստված
θείε	հորեղբայր
θεού	Աստծո
θεούλη	.
θεράπευσέ	բուժեք
θεραπεύσουμε	Մակդուֆ
θερινή	ծաղիկ
θερμοκρασία	շունչն
θες	ներսում
θεωρίες	բազմաթիվ
θεωρεί	Օրհնություն
θεωρείς	նվագածուներ
θεό	Աստծուն
θεός	աստված
θεότρελε	խե~նթ
θηκάρι	պատյանը
θλίψη	գլխացավը
θλιβερή	Ամենքին
θλιβερό	.
θνησιμότητα	արժեք
θνητών	մահադավ
θολό	թափառուն
θορύβους	պատմություն
θράσος	հանդուգն
θρήνησε	Մակբեթը
θρήνοι	կանչ
θρήνου	ժպտում
θρίαμβό	հաղթանակի
θρασύς	չափազանց
θρηνεί	լալիս
θρηνείς	կտամ
θρηνούσες	.
θριαμβευτικά	ոխին
θρύλος	լեգենդ
θυγατέρα	.
θυμάμαι	ես
θυμάσαι	ծանո՞թ
θυμήσου	տղամարդ
θυμηθείτε	իմացեք
θυμωμένος	պարոն
θυμός	փոխվի
θυμώσει	հունից
θυσιάσει	նպատակ
θωριά	մեղմիր
θόλος	չհալչեն
θόρυβος	այդտեղ
θύελλα	նախորդող
θύμα	զոհը
θύματά	ելնում
ιατρική	շներին
ιγκλού	գիշերը
ιδέα	կերպով
ιδιαίτερή	ամպամածություն
ιδιαιτέρως	առանձին
ιδιοκτήτη	վարձակալին
ιεροκήρυκας	վերածվեր
ιερό	պղծել
ικέτευσε	խնդրում
ικανότητές	կարող
ικετεύω	Աղաչում
ινβερνές	ինվերնես
ιουλίου	վերջ
ιουλιέτα	ջուլիետ
ιουλιέτας	ջուլիետի
ιρλανδία	իռլանդիա
ιστευτοί	ծաղր
ιστορία	ողբով
ιστορίας	էությանն
ιστούς	սարդի
ισχύει	վերաբերելի
ιτυχίας	ավետեր
κ	պր
κ.	պր
κ.Καταντρέφε	Դե
κ.Μέγιερ	հարկավոր
κ.καταντρέφε	անել
κ.μέγιερ	հարկավոր
κάηκαν	հանգել
κάηκε	ամենից
κάθαρμα	անամոթ
κάθε	ամեն
κάθεσαι	ավանակի
κάθετα	քշում
κάθεται	այնժամ
κάθισε	գլուխ
κάλυμμα	ծածկույթը
κάλυψε	ցերեկվա
κάμαρά	կլինեն
κάμαρα	կողքի
κάμερα	անում
κάμπερλαντ	քումբերլանդի
κάνα	ճոխ
κάνε	շտապիր
κάνει	անում
κάνεις	անում
κάνετε	դրեք
κάνουμε	բան
κάνουν	տղան
κάντε	ճանապարհը
κάνω	անցնել
κάποια	ունեք
κάποιες	անելու
κάποιο	անտառն
κάποιον	թափառական
κάποιος	մեկնումեկդ
κάρβουνα	անհամբեր
κάρλιον	դոկտոր
κάστρο	գրավված
κάτασπρα	հոգուդ
κάτι	բան
κάτω	դարձիր
κάψε	դավ
κέρδιζαν	արքային
κέρδισε	դատը
κέρδισες	շու՞տ
κήπου	պատը
κίνογκραφ	ստորագրել
κίτρινο	դեղնած
καίει	աչքերս
καβγά	ինքնակառավարումս
καβγάδες	անում
καγιάκ	կայակի
καζάνι	կաթսայում
καημένε	ավաղ
καημένος	ակնածանքով
καθάρματα	հախից
καθένας	Մտնենք
καθήκον	ծառայության
καθήκοντά	տուրքն
καθίσετε	Պր
καθίστε	նստեք
καθαρά	ուրեմն
καθαρίζει	մաքրում
καθαρίσεις	ախտն
καθαρίσουν	ձեռքերն
καθυστέρησε	հետաձգեք
καθόλου	գերագնահատել
καθόταν	լցվեցին
καθώς	իջնու՞մ
και	և
καινούργιες	կրեմ
καινούργιο	նոր
καινούργιοι	նորն
καιροί	ազատ
καιρό	ժամանակ
καιρός	ժամանակ
καιρών	վայել
κακή	վիճակում
κακιά	ո՞ր
κακοκεφιές	պատրանքները
κακομοίρη	թշվառ
κακοτυχία	.
κακούργε	դավաճանի
κακό	աղետալի
κακώς	ահավոր
καλά	լավ
καλέ	ազնիվ
καλέσει	կազմակերպում
καλέστε	նրանց
καλέσω	կանչի
καλή	Ազնիվ
καλαμποκιου	կղզին
καλαμπόκι	եգիպտացորեն
καλεί	գուժում
καλεσμένοι	Հյուրերը
καλεσμένος	հյուրը
καλεσμένους	մեջտեղում
καλημέρα	լույս
καληνυχτίστε	միանգամից
καληνύχτα	բարի
καληνύχτισμα	մաղթում
καλησπέρα	երեկո
καλλιεργεί	զարգացնել
καλλιτέχνης	դերասան
καλοδεχούμενους	սպասվածն
καλοκαίρι	ամառն
καλοκαιρινό	ամառային
καλορίζικο	դեհ
καλοσύνη	շատ
καλούνται	շուն
καλπάζει	տեսքով
καλυφθεί	հարկ
καλυφθούν	սահեն
καλωσορίζω	վերջինին
καλωσορίσατε	բարով
καλωσόρισες	եկել
καλό	լավ
καλόκαρδο	հայրենի
καλός	բարի
καλύπτουν	գուլդենը
καλύτερα	լավ
καλύτερο	պատվարժան
καλύτερους	կտրողներից
καλύτερός	լավագույն
καλύψω	պարոն
καλώς	բարով
καμία	տրտմություն
καμακώθηκε	ընկերը
καμαριέρες	աստվա~ծ
καμαρινια	հանդերձարաններ
καμιά	`քո
καμινάδες	ուր
καμπάνα	.
καν	որի
κανένα	այլ
κανέναν	մեկից
κανένας	քանզի
κανείς	ոք
κανενός	դեպքում
καντήλι	հանգիր
καντήλια	մոմերն
καπιταλιστής	կապիտալիստ
καπνίζεις	խնդրում
καπνός	իսպառ
καπουλέτο	կապուլետ
καπουλέτοι	կապուլետներն
καπουλέτου	.
καπουλέτους	իրարից
καπουλέτων	ազգականը
καρέκλα	կտա՞ք
καρδιά	սիրտն
καρδιάς	դիպել
καρδιακούς	հյուրեր
καρναβάλι	ի~նչ
καρπούς	սովորեցնում
καρφώθηκε	նետի
καστορέλαιο	տալիս
κατά	մենք
κατάκτησε	մնացել
κατάλαβα	հասկացա
κατάλαβε	եթե
κατάλευκη	աղավնին
κατάλληλο	շինանյութ
κατάλυμα	կառուցման
κατάντησες	դարձել
κατάρα	աղքատների
κατάσταση	.
κατάστημα	գնելու
κατάσχεση	աճուրդից
κατάφερα	փաստ
κατάφερες	կատադրոյֆե
κατέβα	.
κατέβαινε	քառորդ
κατέστρεψε	մտադրությունը
καταδικάζει	փորձանք
καταδικάσει	կդատապարտի
καταδιώκει	ամբոխն
καταλάβω	որդիս
καταλήξει	տրտմությամբ
καταλαβαίνεις	ծլկեցիր
καταλαβαίνω	հասկանում
κατανοητοί	հասկանան
κατανοητό	հասկանո՞ւմ
καταντρέφε	կատադրոյֆե
καταπιέζει	վրա
καταπιεί	Երկիրն
καταπιεσμένο	ուղեղի
καταραμένε	բիծ
καταραμένη	լեզուն
καταραμένο	գլուխն
καταραμένοι	ընկնեք
καταρρακώθηκες	վշտի
καταρρευση	արժեթղթերի
κατασκηνώσουν	փնտրում
καταστρέφονται	հանգում
καταστρέψει	ծաղրել
κατασχεθούν	չգույքագրվեն
κατατόπια	մատնել
καταφέρεις	կլինի
καταφέρω	չկարենամ
καταφύγιο	տնակ
καταχώρηση	վերաբերում
κατεβαίνοντας	ճամփորդությանը
κατευθείαν	անմիջապես
κατεύθυνση	կյանքիս
κατηγορήσεις	դիտիր
κατηγορείς	այդչափ
κατοικεί	պահվում
κατοικείται	300
καυγά	հարված
καυγάδες	փակելուս
καυλί	սայրի
καυτό	կոչես
καυχηθώ	հետև
καψαλίσαμε	չենք
καύσιμο	ստանում
κείτεται	նզովյալ
κελί	Լավրենտիոսի
κελαηδάει	լի
κεντρί	իժի
κεντρίσω	ծակող
κερίσεις	շահել
κεραυνός	մոտեցող
κερδίζεις	Բորբոսնած
κερδίζουν	ազնվորեն
κερδίσει	ըստ
κερδίσεις	սիրատածես
κεριά	մոմերն
κεφάλι	աթոռից
κεφάλια	հնչյուններով
κεφάτες	եղեք
κεφάτη	մարդիկ
κεφαλή	նստե՛ք
κι	էլ
κιβώτιο	ձայնը
κινδύνου	ացնել
κινείται	կատար
κινηθεί	անկարող
κινηματογράφησα	ուղևորվեցի
κινηματογραφική	զբաղված
κινογκραφ	կինոգրաֆ
κινούνται	տեղից
κιτρινιάρη	սփրթնած
κιόλας	գնո՞ւմ
κλάμα	ավազակն
κλάψουμε	ողբա
κλέισει	փակված
κλέφτη	թզուկին
κλήτηρα	կրծքանշանը
κλίφτον	քլիֆթոն
κλαίει	հեծում
κλαίνε	լսվում
κλαδί	կտրել
κλείσει	պակաս
κλείσω	ցանկացողի
κλειδώσω	կողպում
κλεισμένης	դրա
κληρικό	վանական
κλητήρα	դատական
κλητήρας	կատարածուն
κλιμακωθεί	վտանգավոր
κλιφτον!	"
κλονίζουν	կրծում
κλονίσουν	չսասանի
κλωστής	սարքված
κοίτα	նայիր
κοίταξα	շարունակում
κοιλιά	հատվել
κοιμάμαι	կամենում
κοιμάται	ննջում
κοιμήθηκε	ասենք
κοιμισμένοι	քնած
κοιμισμένους	ժողովվել
κοιμούνται	հայտնաբերմամբ
κοιμόμαστε	ուտենք
κοιμόταν	մահացավ
κοινωνία	գամ
κοινό	էդպես
κοινώς	գտնել
κοιτά	դժգույն
κοιτάξτε	վերջին
κοιτάτε	ինքներդ
κοιτούν	նայեն
κοκκινίζουν	առնելուն
κοκκινίσουν	հոնքեր
κοκκινίσω	ծորում
κολάσεως	շուն
κολασμένο	վարմունք
κολυμπήσω	լողալու
κολύμπησες	լողացել
κολύμπι	չէ
κομμάτι	ավիրել
κομμάτια	պարտամուրհակն
κομμένος	ձեռքով
κομμουνιστής	Կոմունիստ
κομπαρσοι	նկարահանվել
κοντά	մոտ
κοντεύω	ախր
κοντινό	տեսնում
κοπάνησες	Փախար
κοπέλα	չքնաղ
κοράκι	ագռավն
κοράκια	երամում
κορίτσι	աղջիկ
κορίτσια	3
κοροϊδεύει	ջերմաչափի
κοροϊδεύεις	շո՞ւտ
κορυδαλλός	արտույտն
κορυφές	փորձիր
κορυφή	աշխարհը
κοστίζει	ուզում
κουβέντα	խոսի
κουβέντες	բառ
κουβεντιάσω	կկամենայի
κουκουβάγια	բվի
κουκουβάγιας	լեղուն
κουκούλα	ճամփորդում
κουναγιού	նայլան
κουνηθείς	շարժվիր
κουνιέται	շարժվել
κουράγιο	արիացիր
κουρασμένη	հոգնել
κουρασμένος	հոգնած
κουραστική	խլում
κουρελιάσει	ավերել
κουρελόπανο	լաթ
κουρτίνα	կախված
κουτάβι	Ցերեկները
κουτάβια	ցուցադրում
κουτσομπόλα	կողմ
κοψ'	աահ
κοψιά	նոր
κούκλος	.
κούρασε	հոգնություն
κούραση	կապարի
κούτελό	ընկնում
κράζ	խուլ
κράτα	հեյ
κράτησε	շարունակվեց
κράτηση	աշխատավարձիդ
κρέας	կերակուր
κρέμεται	այտին
κρέμονται	կարթալարի
κρίμα	ափսոս
κρίσεις	պահին
κρίση	այս
κρίσης	հասնելու
κρασί	գինի
κρατάει	հրեշն
κρατάς	պահիր
κρατάω	ձեզ
κρατήσει	կկորցնես
κρατήσετε	Պետք
κρατήσουν	քամու
κρατιόταν	քաջ
κρατούσε	կտևեր
κρατώ	Չեղավ
κραυγάζει	լսեցի
κραυγές	ձայներ
κραυγή	գողեգող
κρεβάτι	արթնացել
κρεμάνε	արժանանում
κρεμάσουν	հաղթել
κρεμάστε	գլամիս
κρυφά	կգա
κρυφές	կախարդներ
κρυφή	թաքուն
κρυφοκοιτάξουν	քողը
κρυφτεί	Թող
κρυφτείς	վազիր
κρυφτούν	կատակել
κρύα	տակին
κρύβει	աչքերից
κρύβεις	շուտ
κρύβοντας	հանրությանաչքի
κρύο	Իկի
κρύος	կլինի
κρύου	Միյայն
κρύψε	հա
κρύψου	ռոմեո
κρύψτε	աստղեր
κρύψω	խաղաղության
κτήμα	կազմն
κτλ	.
κυβερνάει	Հրաչ
κυνήγι	իգլուն
κυνηγά	որսում
κυνηγήσαμε	Ետևից
κυνηγήσει	ագգի
κυνηγιού	հավատարմության
κυνηγό	առևտրականը
κυνηγός	մեծն
κυνηγόσκυλα	խառնածին
κυρά	.
κυρία	տիկին
κυρίας	իմացիր
κυρίες	տիկնայք
κυρίου	գողացել
κόκαλά	տնքում
κόκαλο	մտրակը
κόκκινη	ասեմ
κόκκοι	քթի
κόλαση	բանալին
κόλασης	ահարկու
κόμη	առնես
κόμμα	այնպես
κόμοκ	.
κόμπυ	կոբին
κόπια	և
κόπο	ջանքերիդ
κόπους	ջանքերի
κόρη	դուստր
κόσμημα	եթովպուհու
κόσμο	անում
κόσμος	Մարդիկ
κόψω	կյանքդ
κύματα	գրկից
κύριέ	մեռած
κύρια	հունն
κύριε	պարոն
κύριοι	պարոնայք
κύριος	.
κύριός	ամուսինը
κώντορ	կավդորի
λάβαρά	Կավդոր
λάδι	կաթսան
λάθος	մոլորության
λάμπει	կանչը
λάμπουν	.
λάσπη	տանում
λέγε	փութով
λέγεται	մայր
λέγομαι	յան
λέει	ասում
λένε	ասում
λέξεις	օտար
λέξη	ասի
λέπρα	տանք
λές	չես
λέτε	ձե՛ր
λέω	Ասում
λήγει	վե՛րջ
λία	փախել
λίγα	եկել
λίγο	քիչ
λίπος	ամենասննդարարն
λίστα	նախորդ
λαβή	կոթը
λαγωνικά	որսաշուն
λαγωνικό	.
λαγό	հաջող
λαιμό	բարձրանում
λαιμός	Ես
λακκούβα	չեղածը
λαμπυρίσουν	փայլեն
λατρείας	աստվածությունն
λαυρέντιου	խուցը
λαυρεντίου	թողություն
λαχτάρα	թե
λαϊκή	կրեդիտային
λείανε	խիստ
λείπει	հանգստի
λεκές	կա
λεξικό	"Տ
λεονάρδε	երգիր
λεονάρδος	լեոնարդո
λεπτά	.
λεπτομέρειες	der
λεπτό	րոպեում
λες	ասում
λευκή	սպիտակ
λευκός	տուփի
λευκών	առևտրականի
λεφτά	գումարը
λησμονικό	ծանրացած
λιγο	քիչ
λιγόλογη	լռակյաց
λιγότερες	բնակիչ
λική	պալատում
λιμάνι	թաղամասում
λιν	Ֆլինս
λιοντάρι	առյուծին
λιποθυμήσω	հանգչում
λιώνει	հալեցման
λογής	վաստակել
λογαριάζεις	մոռանալն
λογαριάζω	կամքով
λογικά	եղեք
λογική	դատողությունն
λογιστής	հաշվապահ
λογιστικά	բայց
λογιών	կացեք
λοιπόν	.
λουλούδι	մոմի
λουλούδια	խոսում
λους	խառնվեք
λουτρό	ջանքի
λοχαγούς	Բանքոյին
λούκας	լուկաս
λυθεί	կամենայի
λυκόσκυλα	գայլաշուն
λυπάμαι	ցավում
λυπάσαι	տհաճ
λυπημένη	.
λόγια	.
λόγο	հակասիր
λόγος	չնչին
λόρνα	լորնա
λύκου	գայլերի
λύπη	վիշտն
λύπησε	թափեց
λύση	ընդունելի
λύσσα	առաջնորդը
λύστε	բողոքներն
λώσσα	չղջիկի
μ'	,
μ'ένα	հայտարարվել
μ'έναν	ուրիշի
μ'έπιασε	գլուխս
μ'αρέσει	աշխատելը
μ'αυτόν	էիք
μ'αφήσεις	թողնել
μ'είχε	հանգիստ
μ'εμπόδιζε	հանդիսանալ
μ'ενοχλούσε	երկարում
μoυ	գնալու
μάας	մաաս
μάβα	արշավում
μάγισσες	.
μάγουλά	այտերիդ
μάγουλο	անգին
μάγουλό	այտը
μάζεψέ	դու
μάζεψε	ժողովիր
μάθαινα	սովորում
μάθαιναν	կիմանային
μάθαμε	գիտենք
μάθατε	այդ
μάθει	հարցնել
μάθεις	.
μάθω	կա
μάκβεθ	մակբեթը
μάκβεθ..	կռվեց
μάλιστα	այո
μάλκομ	մալքոլմն
μάλκομ.	համբուրի
μάλλον	Կավդորի
μάλωνες	նախատում
μάλωσε	գուշակներն
μάνα	Մայրդ
μάντουα	մանտուա
μάρτυρα	վկա
μάτι	աչքը
μάτια	աչք
μάχη	դժվար
μέγιερ	մայեր
μέλι	անուշ
μέλλον	ապագան
μένα	ինձ
μένεις	ապրում
μένουμε	մինչև
μέντοράς	Այդքան
μένω	դիմացն
μέρα	օրը
μέρας	կապիր
μέρες	ազատելու
μέρος	չմիջամտեց
μέρους	ջահել
μέσα	ներս
μέση	պատմությունս
μέτρο	չափավորությամբ
μέχρι	մինչև
μήνα	ամիս
μήνες	հաջողությամբ
μήνυμα	ժամին
μήνυσε	սիրածն
μήπως	թե
μία	խոսք
μίλα	խոսիր
μίλερ	միլլեր
μίλησα	խոսքս
μίλησες	.
μίλι	նշմարվում
μίλια	պաշարում
μίσος	գտնեն
μα	սակայն
μαγαζί	ծխախոտի
μαγεμένη	ներքո
μαγεμένο	եռ
μαζί	հետ
μαθήματα	դասեր
μαθαίνει	պառկած
μαθευτούν	կշռադատվելը
μαθεύτηκε	հայտնի
μακάρι	այդ
μακβεθ	մակբեթ
μακελειό	սկզբում
μακντάφ	մակդուֆ
μακντόνουαλντ	մաքդոնվալդը
μακρά	իրականացրել
μακριά	հեռու
μακρυά	փախչի
μακρύ	երկար
μαλλί	Շան
μαλλιά	արնոտ
μαμή	Այո
μαν	մաան
μανδύες	հագցնում
μανιασμένο	անմիտ
μαντά-	գովքն
μαντάτα	անիծյալ
μαραθεί	Հետո
μαριονέτα	խամաճիկ
μαρτη	օր
μας	մեր
μασάει	Առավոտ
μαστίγιο	լուսնի
ματιά	աչքերն
ματωμένα	արել
ματωμένο	անտես
ματωμένος	արյան
ματώνει	արյունում
μαχαίρι	շոշափելիքին
μαχαίρια	դաշույններին
μαχαιρώσεις	իրեն
μαϊμού	մոգոնեցի
μαύρη	օրվա
με	ինձ
μείνε	աստղ
μείνει	ատամի
μείνεις	ընտրել
μείνουμε	առանձին
μείνω	մնալ
μεγάλες	ձմեռ
μεγάλη	էժան
μεγάλο	պետք
μεγάλος	գտնում
μεγάλου	ականտես
μεγάλωσα	ստնտուն
μεγαλείο	շնորհին
μεγαλειότατε	արքա
μεγαλειότατο	ասում
μεγαλειότητά	մեծություն
μεγαλούργησε	արարել
μεγαλόκαρδε	վեհաշնոր
μεγαλύτερη	զորեղ
μεγαλώσατε	անամո~թ
μεγαλώσει	ճոխությամբ
μεγαλώσεις	ընկար
μεγαλώσω	ցանքսի
μεθυσμένη	հարբած
μεθύσω	Իրադրությունն
μελέτη	սովորելը
μελετήσω	ընթերցելու
μελετώ	սովորում
μεμβράνη	ոստայնաթելից
μεριά	Նայլան
μερια	մյուս
μερικά	վաճառականը
μερικοί	աղեկտուր
μερκούτιε	մերկուցիո
μερκούτιο	սպանել
μερκούτιος	մերկուցիոն
μερκούτιου	ընկերն
μεσάνυχτα	փաստաբանը
μεσολάβησε	ընթացքում
μετά	անց
μετέφερε	տարավ
μετακομίσαμε	տեղափոխվելուց
μετακομίσουμε	տեղափոխվել
μετακόμισε	մայրս
μεταμελώ	զղջում
μετανιώνω	զղջալ
μετανιώσω	կրակը
μεταξύ	խռով
μετατράπηκε	աքսորի
μεταφέρουν	մինչ
μεταφράζω	պայմանագիր
μετράει	կարևոր
μετράω	տասնչորս
μετρήσω	ունեցածի
μετρούν	ով
μη	մի
μην	,
μητέρα	մայրս
μητέρας	ազգանունը
μητέρες	կոչվի
μηχανή	ներքև
μια	մի
μιας	խոսքեր
μικρά	ձագերի
μικρέ	գալի՞ս
μικρή	ջահել
μικροί	գործերում
μικρού	ստեղծվել
μικρό	լսում
μικρότερα	Մտածիր
μικρότερες	թռչում
μικρότερη	մայր
μικρότητες	հայտնում
μιλάει	խոսում
μιλάμε	այստեղ
μιλάνε	խոսում
μιλάς	Ինձ
μιλάτε	չասացիք
μιλάω	խոսում
μιλήσαμε	խոսում
μιλήσατε	դու
μιλήσει	խո՞սք
μιλήσεις	խոսել
μιλήσουμε	խոսենք
μιλήσουν	գուշակել
μιλήστε	խոսեք
μιλήσω	խոսել
μιλερ	միլլեր
μιλούσε	գրեթե
μιλούσες	էիր
μιμηθώ	արագ
μισή	կես
μισητό	ատելի
μισθούς	աշխատավարձդ
μισθό	մասը
μισό	կեսն
μνήμη	հուշի
μνημείο	Կապուլետների
μνηστή	հետ
μοίρα	գիտեն
μοίρας	.
μοιάζει	նմանության
μοιάζεις	դու
μοιάζουν	երկրի՞ց
μοιάσει	տաքարյունությունը
μοιραία	վերքերը
μοιραίο	կռկռոցով
μοιραστώ	մեծության
μολυσμένος	ժանտ
μολύβι	հակում
μονάχα	ոգիդ
μοναδική	միակ
μοναδικό	զավակն
μοναχογιός	որդին
μοναχοπαίδι	երեխան
μονομαχήσουμε	հանիր
μονομαχία	հակամարտությունը
μονομαχίες	արգելել
μοντέγο	մոնտեգյու
μοντέγοι	'
μοντέγος	մոնտեգյու
μοντέγους	հեղես
μοντέγων	գերդաստանից
μορφή	աղետին
μοσχαροκεφαλή	ուղեղ
μου	իմ
μου.	փաստաբանին
μου...ο	ճակատը
μοχθηρής	կեղծիքի
μοχθηρία	չարությունից
μού	ճանաչում
μούδιασμα	Զարկերակիդ
μπ	ուրեմն
μπάνκο	բանքոյի
μπάσταρδε	սրիկա
μπέρ	բիեր
μπήκες	եկար
μπίρναμ	բիրնամի
μπα	ուղարկել
μπαίνει	փերիների
μπαμ	բախ
μπαμπουίνου	դյութանքն
μπαρούτι	վառոդը
μπασταρδος	պոռնկորդի
μπασταρδόσκυλα	քերծե
μπενβόλιο	բենվոլիո
μπες	կգնանք
μπισκότα	խոզաճարպով
μπλέκει	մազերն
μπλέξει	պրծնի
μπλέχτηκαν	արդեն
μπλοφάρει	բլեֆ
μπορέσω	Միայն
μπορεί	կարող
μπορείς	ինքներդ
μπορείτε	դուք
μπορούμε	կարող
μπορούν	կարո՞ղ
μπορούσα	Դունսինեյնից
μπορούσαμε	հատկացնել
μπορούσατε	չեղած
μπορούσε	նա
μπορούσες	կարող
μπορώ	կարող
μπούμε	կբացվի
μπούρδες	անհեթեթությո՛ւն
μπράβο	բրա
μπράτσο	տակից
μπροστά	դիմաց
μπω	գամ
μπόρεσα	Չէի
μπόρεσαν	կարողանա
μπόρεσε	այդտեղ
μπότες	կաշվից
μυαλά	էիք
μυαλό	ակնթարթ
μυρίζει	հոտ
μυρίζουν	եռ
μυρωδιά	Մսի
μυρωμένο	օծյալ
μωρά	իգլու
μωρό	զավակս
μόδας	պարդոնների
μόλις	հենց
μόλυνα	միտքն
μόνες	.
μόνη	:
μόνο	միայն
μόνοι	ընթրիքը
μόνον	միայն
μόνος	մենակ
μόχθος	տանջանք
μόχθου	թույնի
μύτες	կառքը
μύτη	քթի
ν'	,
ν'αντέχω	հաշտվել
ν'αποφασίσεις	կայացնել
νέα	նոր
νέες	այրու
νέο	նոր
νέος	երիտասարդ
νέους	երիտասարդներին
νέων	ջահելի
νήμα	ամրացված
νήσο	1913
νίκη	հաղթությունը
νίκης	հաղթանակի
νίκησε	հաղթել
νίκησες	չհաղթեցիք
να	որ
να'	տեսեք
ναι	այո
ναι...τι	այո
νανούκ	նանուկը
ναπολέων	նապոլեոնը
ναρκωτικό	ես
ναό	տաճարն
νεα	կինոգրաֆի
νεαρέ	.
νεαρή	ձեռքն
νεαρό	գտնել
νεαρός	երիտասարդը
νεαρότερος	անունը
νεκρές	մեռան
νεκρή	մեռած
νεκροταφείο	թեկնածու
νεκρούς	մեռածի
νεκρό	կենդանուն
νεκρός	մեռած
νερό	ջուր
νευριάζω	մեկ
νευρικός	ջղագրգիռ
νεότερα	նորություն
νεύρα	հաղթ
νησάκια	կղզիները
νησι	եգիպտացորենի
νησιά	արշավեց
νιάτα	կթոշնի
νικήσει	արդե՛ն
νικήσεις	հաղթելու
νικήσω	հաղթել
νιώθει	չունեն
νιώθω	գալիքն
νιώσεις	հյութով
νιώσω	այր
νοίκι	փակելու
νοίκιασα	սենյակ
νοίκιασε	տեղափոխվել
νοιάζει	գալիս
νοιάζεται	հոգատար
νοικοκυριού	ունեցվածքը
νομίζατε	չարաբախտության
νομίζει	ռոմեոյին
νομίζεις	ես
νομίζεται	եմ
νομίζετε	մարդուց
νομίζω	թվում
νομικά	սովորել
νομική	իրավաբանություն
νορβηγός	նորվեգացիք
νορβηγών	չկորցրեց
νορθάμπερλαντ	ահեղ
νου	մտքի
νούμερα	ականատես
νούμερό	արդեն
ντάνκ	դունկան
ντάνκαν	դունկանի
ντανσινέιν	դունսինեյն
ντε	ժորժե
ντοναλντμπέιν	դոնալբեյն
ντουέτο	շրջիկ
ντρεβερχάβεν	դրեյվերհավենը
ντροπή	ամոթ
ντροπαλοί	շիկնած
ντροπιάζει	ամոթանքի
ντροπιάζεται	ծնվել
ντόρις	դորիս
ντύθηκες	զգեստավորվել
ντύνετε	եք
νυφούλα	դառնա
νυχτερίδα	չղջիկն
νυχτερίδας	լեզու
νυχτικό	հագիր
νυχτώνει	իսկ
νωθροί	գունատ
νωρίς	վաղ
νόμιζα	թվալ
νόμο	օրենքի
νόμος	անզիջում
νότια	փողոց
νύλα	նայլա
νύχια	մատս
νύχτα	գիշեր
νύχτας	գիշերվա
νύχτες	երեսունմեկին
ξάδελφε	զարմիկ
ξάδελφοί	արյունարբու
ξάδελφος	.
ξάδελφό	մորեղբորորդուս
ξένες	հարազատ
ξένη	նախկին
ξένοιαστοι	էսկիմոսները
ξέπλυναν	գունատ
ξέρει	դրան
ξέρεις	գիտեք
ξέρετε	ասել
ξέρουμε	գիտեն
ξέρουν	քաղաքը
ξέρω	գիտեմ
ξέφυγε	տվել
ξέχασα	համն
ξήλωσε	քանդեց
ξίφη	սրերն
ξίφος	գանգի
ξαδέλφ	անուշ
ξαδέλφη	աղաչում
ξακουστά	բեմը
ξανά	նորից
ξανάρθω	անգամն
ξανάστειλε	.և
ξαναήρθε	չերևաց
ξαναγυρίσουμε	կվերադարնանք
ξαναγυρίσω	տեսության
ξαναδεί	այսօր
ξαναδείς	հնարավորինս
ξαναδουλέψω	աշխատի
ξαναδούμε	սեղանները
ξαναδώ	կրկին
ξαναδώσω	տամ
ξανακάνετε	փողոցների
ξανακοιμάται	քնում
ξανακοιμηθεί	զրկվեց
ξανακούσαμε	նրանից
ξαναπάω	վերադառնա
ξαναπιάνει	դարձյալ
ξαναπούμε	կխոսենք
ξαναρωτήσεις	ասեմ
ξανασκέφτηκα	փոխեցի
ξανασκεφτεί	պատասխանել
ξανασυναντηθούμε	երեքով
ξαναφώναξα	կանչեցի
ξαπλωμένη	Ջուլիետին
ξαπλωμένος	արծաթ
ξαποστάσω	բերեմ
ξαποστείλατε	տվի՞ք
ξαφνικά	հարվածով
ξαφνική	ցնծության
ξεθάψεις	ունենալու
ξεκάνω	ստանամ
ξεκίνησε	սկսեց
ξεκινήσαμε	համոզված
ξεκινήσει	պատել
ξεκλειδώνει	պտտած
ξεκουράσου	հանգստացի
ξεκουράστηκα	ասածդ
ξεκουραστεί	կարո՞ղ
ξεκούραση	հանգստությունը
ξεμπλέκει	աշխարհին
ξενυχτάμε	չէինք
ξεπ	ոտս
ξεπεράσει	մնացած
ξεπλύνει	մենք
ξεραμένο	թոշնած
ξεριζώσω	ութն
ξεροκέφαλη	պնդաճակատ
ξεσηκώθηκαν	արդեն
ξεσηκώσει	Նորթումբերլանդին
ξεσπούσε	փոխարեն
ξεφτισμένο	կծիկն
ξεχάσω	հիշելով
ξεχασμένα	ընկել
ξεχνάς	ասելիքդ
ξεχνούσαμε	Առանց
ξεχωριστή	անձնավորություն
ξηγήθηκες	Երեկ
ξημέρωσε	օրը
ξημερώσει	գալիս
ξοφλημένος	անպետք
ξυπνάει	մտավ
ξυπνάτε	զարթնեք
ξυπνήσεις	կարթնանաս
ξυπνήσω	ասելով
ξωτικών	.
ξόδεψα	ստացած
ξόρκι	ապուրի
ξύλα	պատված
ξύπνα	զարթնեք
ξύπνησε	հազում
ο	է
ο'ι'μέ	ավա~ղ
οίου	ցից
οδήγησέ	գնանք
οδήγησε	ասելով
οδηγήστε	անդրանիկ
οδηγεί	իշխողը
οδηγείς	ճամփան
οδηγούν	զարմիկ
οδυνηρά	բեռ
οδό	Զայլստրատ
οδύνη	.
οδύρεται	ողբում
οι	որ
οικογένειά	ընտանիքին
οικογένειάς	ուրուներն
οικογένεια	ընտանիքը
οικογένειες	միջին
οικοδέσποινα	տիրուհի
οικοδεσπότη	ընդառաջ
οικοδεσπότης	հյուրն
οικονομία	վարում
οικονόμο	սպասուհի
οικουμένης	աշխարհում
οκτωβριου	25
ολοκληρωθεί	ծափահարես
ολοφόνησα	սպանեցի
ολόκληρου	սեղանի
ομάδα	հարգեցի
ομάδας	համբերատարության
ομίχλη	ժանտաշունչ
ομιάκ	Ջրաբեր
ομιλήτριες	գուշակներ
ομιλία	լուրջ
ομιλούσες	ֆիլմեր
ομιχλώδεις	լեռան
ομολογείς	խոստովանել
ομολογώ	խոստովանեմ
ομολογώντας	հանցանքն
ομορφιά	Գեղեցկության
ομορφιάς	փայլը
ομορφιας	խալը
ομορφότερα	շքեղ
ομορφότερο	սառնամանիքն
ονειρευτεί	չեմ
ονειρεύεται	կտրելու
ονειρεύονται	մասին
ονειρεύτηκα	երազումս
ονομά	Մայեր
ονομάζω	այսուհետ
ονομάσουμε	ուշ
ονομάσω	պատվիրեց
οντισιον.	լսումները
οπ	մտադրությունն
οπλισμό	զրահս
οποία	անքակտելիորեն
οποίο	անդրանիկը
οποίων	Սաունդսում
οπουδήποτε	անչափ
οπότε	կգայի
ορίστηκε	ոմն
οργή	բարկությանս
οργανώνουμε	հանդիսավոր
οργισμένος	թե
ορθώνονταν	կբարձրանար
ορκίζεσαι	լուսնով
ορκίζεται	երդում
ορκίζομαι	օրհնյալ
ορκίσου	ուխտ
ορκίστηκα	երդվյալ
ορκιστείς	.
ορκιστώ	երդվեմ
ορμητική	վերամբարձ
ορφανά	լացն
ορφανός	անհայր
οτι	ցուցադրվեց
ουρά	խոզի
ουράνια	երկինք
ουράνιο	ամսեկան
ουρανοί	երկինքը
ουρανό	ցնցում
ουρανός	դիտեց
ουρανών	հարգանք
ουσία	պատմության
οφείλει	խանկելարը
οφείλω	ծառայությամբ
οφθαλμού	արյան
οφθαλμόν	ուրեմն
οχιάς	խայթն
οχυρώνει	դունսինեյնն
ούρα	քնատություն
ούτε	ոչ
π	լեցուն
πάγο	լուսամուտը
πάγος	կաթնասուն
πάγους	օրերով
πάγωνα	սարսռում
πάγωσαν	որ
πάει	է
πάθος	եղար
πάλεψε	Հիշում
πάλι	դարձիր
πάμε	գնանք
πάνε	ձրի
πάντα	անգամ
πάντες	պատվեց
πάντων	ոչ
πάντως	չկամեցավ
πάνω	է
πάπια	կանգնել
πάρ'	որպես
πάρε	առ
πάρει	'
πάρεις	գումարը
πάρης	ասած
πάρι	պարիս
πάρις	պատանին
πάρουμε	նրանից
πάρουν	դրանից
πάρω	տված
πάσα	պահանջել
πάτε	ո°ւր
πάτερ	հայր
πάτωμα	Այնտեղ
πάω	ես
πέθανε	անց
πέμπτη	եկեղեցում
πένθιμη	զանգն
πέντε	հինգ
πέπι	փեփփի
πέπλο	թիկոնցում
πέρα	այսուհետև
πέρασε	այն
πέρασμα	կոչել
πέσει	ափն
πέσουμε	տեսնենք
πέσουν	հարբած
πέσω	հրամայեք
πέτα	ուրեմն
πέταξε	կորցրեց
πέτρα	ծույլ
πέτρες	առնում
πέτρινες	լապտեր
πέτρινο	քարե
πέτρο	պետրոս
πέτρου	պետրոսը
πέφ	ցածում
πέφτεις	Եբ
πέφτουν	առատորեն
πήγα	մի
πήγαινα	աշխատանքը
πήγαινε	գնա
πήγε	աղեղնավոր
πήγες	գնացիք
πήξτε	արյունն
πήρα	կրում
πήρε	ածեց
πήρες	դիպլոմ
πίκρα	երազներից
πίνω	բացառի՛կ
πίστεψέ	հավատա
πίστη	no
πίστης	ծաղիկ
πίσω	.
παίζεται	աչքերիս
παίζουν	խաղ
παίρνει	եղբայր
παίρνεις	այդ
παίρνουν	խորտակելով
παγίδες	աղվեսը
παγίδευε	լիներ
παγετός	Մահն
παγωμένο	կուրծքն
παθιασμένε	կրքոտ
παιδί	տղային
παιδιά	.
παιχνίδι	խամրում
παιχνίδια	խաղալիքներ
παλάμες	սրբերը
παλάτι	գիշերի
παλεύει	ծովի
παλιά	հնացած
παλιάνθρωπε	սրան
παλικαριά	դու
παλιόσκυλα	ջրի
παλιότερα	ժամանակներից
παλιότερο	ողջ
παλούκι	գամել
παμε	տուն
πανί	.
πανούκλα	ժանտախտը
πανούργους	ձևանում
παντα	միշտ
παντρέψεις	պսակադրությամբ
παντρεμένη	պսակը
παντρευτεί	կպսակվի
παντρευτείς	խուսափել
παντρευτουμε	ամուսնանալու
παντρευτούμε	Յոբա
παντρευτούν	պսակվել
παντρευτώ	ամուսնանա
παντρευόταν	թող
παντρεύεσαι	զավակս
παντρεύτηκες	հետը
παπά	քահանայի
παππού	հայրիկ
παρ'	վերցրու
παρά	քան
παράθυρο	.
παράκαμψη	շրջանցել
παράξενες	գուշակների
παράξενη	անիրական
παράξενο	չէ
παράξενος	տարօրինակ
παράξενους	կծկումներ
παράξουν	բավականաչափ
παράφωνα	երգում
παρέα	երևում
παρέμεναν	հակառակ
παραίτησή	դիմում
παραβλέπω	գժտության
παραγωγές	արտադրությունը
παραδίδει	վստահեց
παραδίδεται	մեկն
παραδίδονται	բնությունն
παρακάλα	կախվիր
παρακαλέσω	աղաչում
παρακαλω	խնդրում
παρακαλώ	խնդրում
παρακινεί	թե
παρακολουθούσε	երկինքն
παραλίγο	էինք
παραμάνα	դայակ
παραμείνει	ուզում
παραμείνουν	նաև
παραμείνω	Կմնամ
παραμονή	պակաս
παραμονής	պետրոսի
παραμύθι	Գոռում
παραξενεύετε	զարմանում
παραπάνω	ավել
παραστάσεις	երբևէ
παρασύρει	ստորերկրյա
παρατηρητές	հեռավոր
παρατράβηξες	կանես
παραφυάδα	խառնվի
παραφωνίες	նվագ
παρηγοριά	խոսք
παρηγόρησέ	սենյակն
παρηγόρησες	Լավ
παρθένα	ուժերով
παρθένες	աղջիկներին
παρουσία	ներկա
παρουσιάζω	Ծանոթացեք
παρόλο	պարտքն
παρόν	ներկայի
πας	բլա
πατέρα	հայր
πατέρας	հա՞յրն
πατήσει	Ռոմե՞ոն
πατερας	"
πατροκτονία	խոստովանում
πατώματα	առաստաղները
παχιά	շատախոսիր
παω	գնամ
πείνα	հաղթի
πείρα	փորձ
πείραζε	.
πείραξα	դրա
πείς	ասա
πείτε	ասեք
πεθάνει	չապրի
πεθάνουμε	մահը
πεθάνω	կազդուրիչից
πεθαίνουν	ունենում
πει	.
πεινασμένα	եղբայրների
πειράζει	.
πεις	այո
πελάτη	զգուշացնում
πελάτης	հաճախորդն
πελεκήσουν	քերթել
πεπι	փեփփի
περάσει	շարունակե՞ք
περάσεις	թեթևամիտ
περάσουν	հաշվելով
περάστε	այս
περήφανα	աչքերի
περήφανος	եղել
περίεργα	նորաձևության
περίεργες	նրանցից
περίμενε	դիմավորելու
περίμενες	ա՞յլ
περίπου	320
περίπτωσή	հա
περίπτωση	նմուշ
περαστική	կարճատև
περιβάλλει	օդը
περιγέλα	խնդա
περιγράψουν	ասվեն
περιεχόμενο	զազրելի
περιμένει	կոմսը
περιμένουμε	սպասում
περιμένουν	բան
περιμένω	Կսպասեմ
περιορίζομαι	համառ
περιουσία	ցանկն
περιουσιακά	գույք
περιοχές	որոնք
περιπτώσεις	ափից
περισσότερα	ավելին
περισσότερες	կդառնաս
περισσότερη	անծայր
περισσότερο	կարենաս
περιτύλιγμα	կազմով
περιφρονήσει	կվերածի
περιφρονητικά	թորշոմ
περνάει	գալիս
περνιέσαι	տեսքդ
περνούν	կան
περπάτημα	շարժումներից
περπατά	կյանքը
περπατάει	ժանտաթզենու
περπατήσει	հիշում
περπατούσε	միայնակ
περριτή	ներկայացնել
πες	ասա
πετάει	թևում
πετάξει	երանի
πετάξουν	լուր
πετάξτε	թշնամիներ
πετάξω	փախչել
πετάς	դուրս
πετεινό	աքլորականչ
πετύχει	բերել
πηγάδι	եկեղեցու
πηγαίνετε	մեկուսի
πηγαίνω	ինքս
πηγαιμό	առաջնալ
πιάνει	որսան
πιάσ'το	վերցրե՛ք
πιάσει	ձայնից
πιάσουν	:
πιάτο	սպեղանին
πιέσω	շտապեցնել
πια	չունեք
πιεις	կուզե՞ք
πιες	հեղուկն
πιιο	նրան
πικρό	համեմունք
πικρός	լեղուց
πιο	ավելի
πιοτό	խմիչքը
πιούμε	ունես
πιστά	.
πιστέ	ուխտավոր
πιστέψτε	հավատացեք
πιστέψω	հավատամ
πιστή	ազնիվ
πιστής	փոխադարձ
πιστεύετε	ի՞նչ
πιστεύω	Ահա
πιστοί	ուխտավորները
πιστοποιούν	կենդանի
πιστωτική	ժողովրդական
πιστός	հավատարիմ
πιστών	կատարում
πισω	հետևում
πλάνα	տալուն
πλάσματα	ինչի
πλάτη	գլխիդ
πλέκει	հոգսերի
πλένει	կարծես
πλέον	խաղով
πλήρη	մարվել
πλήρης	ամբողջական
πλήρώσει	գործերը
πλαγιάζω	տվայտանքից
πλαζ.	հանդիպումը
πλαστογραφία	քունը
πλατεία	Կապուլետնե~ր
πλατό	9-ին
πλευρά	նետվում
πληγές	բացված
πληγωθεί	իմանում
πληγωμένος	Վիրավորված
πληγώθηκα	խոցվեց
πληγώσει	պատճառել
πλημμυρίζει	քարերը
πληροφορίες	տեղեկություններ
πληροφορούμε	քանի
πληρωθεί	մարված
πληρώθηκε	վճարվել
πληρώνει	142
πληρώνω	վարձու
πληρώσει	՞
πληρώσεις	կտաս
πληρώσετε	խախտեք
πλησιάζει	Նանուկը
πλησιάζουν	կմոտենա
πλησιάστε	ընդառաջ
πλησιάσω	գնացել
πλοίο	գտանք
πλοηγός	ուղղորդում
πλούτο	գանձը
πλύνε	ձեռքերդ
πλώρη	նավաքիթը
πλώρης	կողմը
πνίξουν	հեղեղի
πνευματικέ	խոստովանահահայր
πνεύμα	ոգին
πνεύματα	ոգիներ
πνεύμονες	թոքերի
πνιγμένος	ինքն
ποδιά	հալավ
ποια	որը
ποιες	Կատադրոյֆե
ποινή	ցած
ποιο	ի՞նչ
ποιοι	այդ
ποιον	ո՞ւմ
ποιος	ով
ποιόν	մեկը
ποιός	փողը
πολίτες	Քաղաքացիներն
πολεμά	սարեկն
πολεμάω	կպայքարեմ
πολεμήστε	հանիր
πολεμήσω	կկռվեմ
πολιορκία	ծաղրուծանակի
πολιτών	կռիվ
πολλά	շատ
πολλές	բավարար
πολλοί	ունի
πολυαγαπημένη	իմ
πολυτιμότερα	թանկն
πολύ	շատ
πονεμένα	դարմանը
πονούν	ոնց
ποντικομαμή	բռնող
ποοδεύσει	որպեսզի
πορέψου	եկեք
πορεία	արշավ
πορείας	տնօրինում
πορνιδίων	խրձերն
πορτιέρης	դռնապանը
ποσειδώνα	կբավեն
ποσό	՞
ποτάμι	գետը
ποτέ	երբեք
ποταμός	հոսքով
ποταπό	դաժանորեն
ποτε	երբ
ποτηράκι	բլա
που	որ
πουκάμισα	շապիկ
πουκαμίσα	շրջազգեստ
πουλάτε	ինչ
πουλήθηκαν	վաճառվեց
πουν	կխոսեն
πού	որտե՞ղ
πούμε	ճառը
πούρα	խանութ
πράγμα	բան
πράγματά	կախվես
πράγματα	դրանք
πράγματι	անիծյալ
πράματα	բաներ
πράξεις	մանրամասն
πράξη	արեցի
πράξης	գցում
πράσινα	սրաչ
πράσινο	կդարձնեն
πρέπει	պիտի
πρέπουν	իրավունքն
πρίγκιπάς	լսեք
πρίγκιπα	արքայազնը
πρίγκιπας	այստեղ
πραγμάτων	ողջը
πραγματάκι	ճուտիկ
πραγματικά	,
πραγματοποιήθηκαν	1916թթ
πριν	առաջ
προάλλες	ներկայացրել
προάστεια	Գիտե՞ք
προαίσθημα	գնալը
προαγωγή	.
προβάλλει	վառվեց
προβλέψουμε	դիմադրել
προβλήματα	նույնիսկ
προγόνου	բնազդը
προδοσία	ամենայն
προδοσίες	կկորցնի
προδότες	դավաճան
προδότης	դավաճան
προδώσει	խաբվի
προδώσουν	գալիքի
προερχόμενο	հոգնատանջ
προετοιμασίες	արքայական
προηγούμενη	վազում
προηγούμενοι	էին
προκαλέσεις	ասացի
προκαλέσω	մարտահրավեր
προκαλούν	ճամբարից
προλαβαίνω	գրում
προμαντέματα	մեծամեծ
προξενήτρα	կհրավիրի
προοδεύσουμε	ունի
προς	դեպի
προσέξτε	թույլ
προσέχεις	պահեք
προσβάλλει	անպատվում
προσβολή	կռիվը
προσευχές	աղոթքին
προσευχής	քաղում
προσεύχομαι	փառք
προσεύχονται	պաղատում
προσκυνητή	իզուր
προσμένουν	այն
προσμένω	ընկերներ
προσοχή	կօգտագործես
προσπάθησα	փորձել
προσπαθήσουμε	փորձել
προσπαθήσω	Պարիսի
προσπαθεί	բացատրել
προσπαθούμε	փորձում
προσπαθούν	արվում
προσπαθούσα	միայն
προστάζεις	կածենք
προστίθεται	վերք
προστατεύσει	կռվի
προσφέρει	հիշեցնել
προσφέρω	ասել
προσφορά	եմ
προσωπα	նոր
προσωπείο	ծածկեմ
προσωπική	փորձից
προσωπικός	գրագիր
προσωρινές	աշխատանքից
προσόντα	որակավորում
προτείνω	դատարանին
προτιμάς	լինես
προτιμώ	թո՛ղ
προφ	մարգարեկան
προφέρει	ունկերիս
προφανώς	հասկացնել
προχωρά	որդի՞ս
προχωρήσουμε	գործին
προχωρούν	կրթության
πρωί	առավոտյան
πρωινό	տրված
πρωτακούσω	ծնվելը
πρωτοήρθα	առաջին
πρόεδρε	նախագահ
πρόθυμος	խանդավառ
πρόθυρα	եզրին
πρόκειται	վարույթում
πρόκληση	առաջարկը
πρόλαβε	կանխեցիր
πρόλογος	ռոբերտ
πρόποση	ասեք
πρόσεξε	մեզնից
πρόσεχε	նրա
πρόσταξε	Հրամայել
πρόστυχο	պարունակի
πρόσφατα	վերջերս
πρόσφατη	եղել
πρόσχαρος	հյուրերիդ
πρόσωπα	դեմքեր
πρόσωπο	`
πρόσωπό	գրքի
πρότασή	առաջարկի
πρόταση	անելու
πρότερό	տիտղոսը
πρόωρος	.
πρόωρου	վաղաժամ
πρώτα	Ռենտենստայնը
πρώτη	առաջին
πρώτο	ծառից
πρώτον	վստահում
πρώτος	կորչի
πτερύγιο	լաստից
πτοεί	ընծայելու
πτοείστε	դարձրեք
πτυχίο	դոկտորականը
πτωχεύσει	պաշտպանվող
πτώχευσή	սնանկ
πτώχευση	բացակայության
πτώχευσης	վարույթը
πυρετό	դողի
πυρετός	տենդը
πυροβολείτε	կրակեք
πυρσούς	լույս
πω	ասելու
πως	որ
πόδια	նայիր
πόθο	ցանկություն
πόθος	սառույց
πόθους	չգա
πόλεμο	տնկել
πόλη	ազնվական
πόλης	թաղամաս
πόνο	պատմիր
πόνος	կասկած
πόρνη	անառա
πόρτα	դուռը
πόσα	Աստված
πόση	ժամանակ
πόσο	՞
πόσος	քեզ
πότε	երբ
πύλες	օ~հ
πύλη	.
πύργο	ամրոց
πύργος	վայրում
πώ	.
πώς	ինչպե՞ս
ράκος	ուժասպառ
ρίζα	որդիք
ρίζες	արմատախիլ
ρίξει	շուտով
ρίξουμε	արշինով
ρίξτε	թուրդ
ρίξω	ինքս
ρίχνονται	բանտ
ρίχνωντας	նայում
ρίχτηκε	ընկել
ραβέντι	խավրծիլ
ραντεβού	ժամադրություն
ραπτομηχανή	բերեց
ρεν	ռայն
ρεντενστάιν	հիշեցնելու
ρετεστάιν	մտած
ρητά	արգելել
ριζωμένη	ցավը
ριστήσουμε	վարձատրենք
ροδιά	ծառի
ροζαλίνα	էիր
ρολογιού	արևաժամացույցի
ρολόι	չլսեցի
ρουστενμπέργκερ	անունների
ρούφηξες	կասեի
ρούχο	հսկա
ρυθμό	Մանրիկ
ρωμαίο	ռոմեո
ρωμαίος	ռոմեոն
ρωμαίου	ռոմեոյի
ρωτήσω	հարց
ρωτώ	Խոսիր
ρόδο	Վարդը
ρόλο	խաղար
ρόμο	խենթի
ρόμπερτ	ֆլաերտիի
ρόμπες	քարե
ρώγα	իմաստություն
ρώτα	.
ς	կտրել
σ	`
σ'	քեզ
σ'ένα	հանրախանութում
σ'έναν	մեկ
σ'έστειλε	Մա՞յրդ
σ'αυτούς	հողը
σ'αυτό	առիթով
σ'αυτόν	նրան
σ'αφήσει	Առաջ
σ'εκείνη	ինձ
σ'εργοστάσιο	հաստոցավար
σ'όλη	խոչընդոտել
σάβανο	մեռյալի
σάλπιγγες	փողերը
σάρκα	դարձրել
σέβεσαι	աղջիկն
σέβη	հաղորդիր
σέβομαι	թափանցի
σέιτον	սեյտոն
σένα	ձեզ
σήκω	կանգնեք
σήκωσε	զվարթ
σήμα	նավապետին
σήμερα	այսօր
σίγουρα	հավանաբար
σίγουρη	Այդ
σίγουρο	լինել
σίγουρος	ես
σίμπουλο	սիբկուլո
σίουαρντ	հանի
σα	որպես
σαγόνια	երախ
σαι	Աստվածն
σαλιαρίσματα	աժդահա
σαλπάρει	շարժվել
σαματάς	իրարանցումն
σαν	ինչպես
σαράντα	քառասուն
σαρακοστή	պասի
σαρδελοκούτι	քաշելով
σας	ձեր
σατανάς	հայտնեց
σαύρας	լեզուն
σβήσε	մոմի
σβήσει	գետինը
σβήσεις	գրված
σβηστά	հանգցնում
σε	քեզ
σε'σένα	ի՞նչը
σεβασμό	Հարգելով
σελήνη	ցածում
σελήνης	խավարի
σελίδα	բառարանի
σενάριο	ուղարկեք
σεντόνι	պատանքում
σεπτέμβριο	որոշել
σερ	սըր
σηκωθείτε	վեր
σηκώθηκε	արթո՞ւն
σηκώνονται	սարեր
σημάδι	Խալ"-ի
σημάδια	նախանշանները
σημάνετε	զանգ
σημαία	գունատ
σημαίνει	անվախ
σημαντική	նկարելու
σημαντικούς	պատճառների
σημείο	տեղ
σιγουρευτώ	կկրկնապատկեմ
σιγουριά	զգում
σιναφιού	կանանցից
σινιάλο	թակարդին
σινιόρ	սինյոր
σιχαίνομαι	բառն
σιωπή	մորս
σιωπηλοί	լռել
σκάρτη	պտուղ
σκέφ	կարդալու
σκέφτεσαι	ամուսնությանդ
σκέφτεται	տիրուհու
σκέφτηκα	թվաց
σκέφτομαι	լռության
σκέψεις	պատկերներն
σκέψη	զրույցը
σκέψου	խոսքերիս
σκήπτρο	ձեռք
σκίζοντας	որովայնից
σκαμνί	աթոռին
σκασε	շունն
σκελετό	պատրաստված
σκελετός	ընկնելուց
σκεπάζεις	աչքերդ
σκεφτήκατε	մտածեցի՞ք
σκεφτεί	առաջարկիս
σκεφτείτε	պատկերացրեք
σκεφτόμαστε	խորհել
σκεφτόμουν	մտածում
σκεφτώ	Կմտածեմ
σκηνή	հուզվում
σκλάβο	ստրուկին
σκλήθρες	թաթարի
σκληραίνουν	կոշտանում
σκληρό	լիներ
σκοντάφτει	կսայթաքի
σκοπεύει	մտադիր
σκοπιά	նայում
σκοπό	անբավարար
σκορπιούς	կինս
σκοτία	զինվոր
σκοτίας	կեցցե
σκοτεινές	անում
σκοτεινής	ամրոցից
σκοτεινούς	փափագն
σκοτώθηκε	արյունը
σκοτώνει	ատամներով
σκοτώσαμε	օձին
σκοτώσανε	Բանքո
σκοτώσει	ոչինչ
σκοτώσουν	դատապարտեն
σκοτώστε	հեռու
σκουλήκι	,
σκουλήκια	խմել
σκουν	սքոն
σκυλάκι	տալ
σκυλί	Շունը
σκυλιά	դարմանդ
σκόνταψες	սայթաքել
σκότωνε	սպանել
σκότωνες	սրախողխող
σκότωσα	սպանեցի
σκότωσαν	արքային
σκότωσε	սպանել
σκότωσες	սպանեցիր
σκύλε	գեհենի
σκύλο	արևի
σκύλου	բուրդ
σμίγουν	սպառվում
σμίξιμο	միությամբ
σοβαρές	լինելու
σοβαρή	զբաղված
σοβαρό	կյանքն
σοδειά	հասնի
σολομοί	սնունդ
σου	քո
σουβαγκτ	դր
σουβενίρ	շաբաթ
σουζάνα	ճրագալույցին
σοφία	արիությունն
σοφίτα	վերնահարկում
σούβαγκτ	համոզել
σπάνιελ	գամփռ
σπάνιο	հրամցնի
σπίθα	բոցավառում
σπίτι	տուն
σπίτια	տները
σπαθί	.
σπαταλάει	բեմի
σπιρούνια	կողերը
σπιτικό	մե՞ջ
σπιτιού	կոչում
σπλαχνικές	գթառատ
σπουαιότερο	մեծագույնը
σπουδές	հաջողությունների
σπουδαία	շնորհի
σπουδαίος	հոր
σπούδασες	հետևաբար
σπρωγμένοι	կատաղի
σπόρους	սերմերը
στ'	`
στάλθηκαν	13
στάσου	"կանգ
στέκεσαι	կմոռանամ
στέκεται	մատների
στέκομαι	կմնամ
στέλνει	բարին
στέλνω	ողջույնս
στέμμα	ամուլ
στέρεα	երկիր
στέψει	կլինի
στέψη	թագադրության
στήθια	հոգում
στήθος	մաքրել
σταγόνα	փրկող
σταθεί	մեղմաբարո
σταθερά	ընթացք
σταθερή	մաքրությանն
σταθμό	կայարանում
σταθώ	կսպասեմ
σταμάτα	բավ
σταματήσατε	կտրում
σταματήσει	կվերանա
σταματήσουν	վատթարն
σταματήσω	.
σταματούν	դադարեցնում
σταματούσε	մտադիր
στείλε	ուղարկած
στείλτε	էս
στείλω	կուղարկեմ
στεγνό	չոր
στεγνώνουν	կոշիկները
στεναγμούς	նստել
στενογραφία	սղագրել
στενοχώρια	թախիծ
στερούν	հալածում
στηρίξουν	.
στιγμή	կաց
στιλέτο	դաշույն
στοιχεία	ծառաներն
στοιχειό	ածելու
στοιχειώνουν	կընկնեն
στουντιο	ընկերություն
στοχασμούς	գաղտնիքն
στούντιο	ստուդիան
στρίγκλα	վհուկն
στρίγκλισε	ժամհարը
στραβώσω	կհարբեցբեմ
στραγγαλίζει	արևն
στραγγαλίσω	տասերորդը
στρατιά	հարձակում
στρατιώτες	զորքը
στρατιώτη	աշխարոհում
στρατιώτης	զինվոր
στρατολογήσει	զի
στριγκλιάς	ձայնից
στρουμκόνιν	ստրոմքոնինգը
στρούμκόκιν	ստրոմքոնինգի
στρωσίδια	բոնժուր
στόχο	ունենա
στύλ	այդպիսի
συ	ողջույն
συγγενείς	դժբախտ
συγγενών	կորցրի
συγγνώμη	ներեցեք
συγκαλά	զսպիր
συγκατάθεσή	մասն
συγκεκριμένος	պայման
συγκεντρωθούμε	հանդիպենք
συγκράτησε	ձեռքդ
συγκρατήσου	խոհեմ
συγκρατήστε	մտքերն
συγνώμη	գլխի
συγχαίρει	ձեզ
συγχαίρεις	շնորհավորո՞ւմ
συγχαρεί	սպասում
συγχαρητήριά	շնորհավորել
συγχαρητήρια	շնորհավորում
συγχωρέσει	առել
συγχωρείς	Ներողությո՞ւն
συγχωρείτε	եղեք
συγχύζει	ցից
συγχώρα	ներեցեք
συγχώρεσέ	ներիր
συγχώρεση	հանցանքում
συζητήσουμε	գործից
συλλαβή	վանկին
συλλογισμένο	խոհուն
συλλογισμό	տեսողություն
συμβαίνει	պատահել
συμβεί	վախից
συμβιβασμό	տա
συμβουλέψεις	վարանի
συμβούλεψέ	ցույց
συμβόλαιο	բախտի
συμβόλαιό	վարձով
συμμαχητή	ուղեկցին
συμπαγές	խտացված
συμπαθάτε	շնորհ
συμπαθήσω	հաճո
συμπατριώτης	հայրենակից
συμπλοκή	եբ
συμπτώσεις	չունի
συμπόνια	գութը
συμφέροντά	շահերը
συμφορά	սկիզբն
συμφωνήσαμε	որոշվեց
συμφωνία	համաձայնության
συμφωνείτε	հարմա՞ր
συνάδελφο	կոլեգայի
συνάντησαν	հանդիպեցի
συνάντησες	կեսօրին
συνάντηση	գիշերներ
συνέβει	Գրողը
συνέβη	կատարված
συνέπειες	հետևանքները
συνέχισα	հուսալով
συναγερμού	զարկեք
συναλλαγές	էիք
συναντήσει	նրան
συναντήσετε	մոտ
συναντήσουμε	գալու
συναντηθούμε	երբևէ
συνειδήσεις	տարակուսանքն
συνειδητοποιήσει	չունեմ
συνειδητοποιήσω	այրվել
συνεισφέραμε	բոլորիս
συνεπάρει	տարվեց
συνεπαρμένος	զարմանքից
συνεπώς	նշանակում
συνεργαστούμε	համագործակցել
συνετά	խոհեմությամբ
συνετή	իմաստուն
συνετό	հաղորդել
συνετός	.
συνεχίσουμε	հուսով
συνηθισμένη	սովորությունն
συνιστούσα	տա
συνναλαγή	մոտեցում
συνοδευόταν	առաջարկի
συνοδεύει	ուղեկցելու
συνοδεύσουμε	միավորվել
συνοδεύσω	ուղեկցելու
συνοεύει	օժանդակի
συνολικά	իմ
συνομιλία	զրույցն
συντομεύστε	երկինք
συντομότερο	մադամ
συντροφεύουν	հուսալ
συντροφιά	դարձրած
συντρόφισσα	անհաղորդ
συχνά	հաճախ
σφάχτες	լավագույնն
σφάχτηκαν	ժանտ
σφαγή	.
σφετεριστή	ընկած
σφραγίστε	դարպասներ
σφυγμός	կդադարի
σφύριγμα	վշտալի
σχέδιο	Ապագայի
σχέση	փոխհարաբերության
σχεδόν	դեռ
σχηματίζεται	փոկը
σχολή	սովորել
σχολείο	դպրոցը
σχόλιο	նկատել
σωματικό	մտավոր
σωπάσουν	լռեցնողը
σωριαστώ	քարն
σωρό	Օրհնությունն
σωστά	գուշակեցիր
σωστό	ճիշտ
σωστός	որոշում
σόι	Կապուլետի
σύμβουλοι	քաթան
σύμπτωση	զուգադիպություն
σύμφωνα	Հանուն
σύμφωνο	հոժարությամբ
σύνεση	վա՞խ
σύννεφο	զարմանքի
σύντομα	շուտով
σύντομη	նախագահ
σύντομο	բառից
σύντροφός	իրենով
σύστησε	ծանոթացրեց
σώζει	ելքը
σώμα	մարմինը
σώματος	մաս
σώσει	շտապում
τ	"տ
τ'	անունդ
τ'όνομά	ցուցանակի
τάξη	կարգով
τάξης	ունեցող
τάφο	արի
τάφος	գերեզման
τάφους	գերեզմաններից
τέλεια	ընթանում
τέλειωσα	Դպրոցից
τέλειωσε	ավարտվել
τέλος	անժամանակ
τέρας	գարշելի
τέσσερα	գրազ
τέσσερις	դառնալուց
τέτοια	նման
τέτοιες	տեղին
τέτοιο	գործիքը
τέτοιον	ոքից
τέτοιος	մեկն
τέτοιους	չէր
τέχνη	անզուգական
τήρησες	խոստումը
τίμημα	ընդհատվի
τίμια	պսակն
τίμιοι	մարդիկ
τίμιους	կախաղան
τίποτα	ոչինչ
τίτλο	այդքան
τα	,
ταΪζεις	մոռանում
ταίρι	խմբի~ց
ταίριαζε	քան
ταινία	ֆիլմ
ταινίες	ունեցել
ταινιών	դերասանը
ταιριάζει	կաս
ταιριάζουν	դրանցից
τακτικά	12
ταλέντα	որոշակի
ταλαιπωρεί	գունատ
ταλαιπωρημένη	ավետեր
ταξίδι	կաշվով
ταξιδεύεις	Կեսօրից
ταξιδιωτικό	խեղդել
ταπείνωση	անարգ
ταπεινού	տանտիրոջ
ταπεινό	ափերին
ταπεινότερος	մակբեթից
ταπεινώνεται	Բանքոյից
ταπεραμέντο	կտոր
ταράζουν	ցնցվենք
ταράτσα	պատշգամբ
τατάρου	շուրթեր
ταυτόχρονα	միաժամանակ
ταχύτητα	.
ταϊζεις	մոռանում
τείχη	աշխարհ
τει	լինում
τελείωσαν	ազատել
τελείωσες	ավարտեցիր
τελειοποιείται	լինի
τελειώσαμε	վերջացրեցինք
τελειώσατε	այդքա՞նը
τελειώσει	ազատվել
τελειώσεις	արագ
τελετή	նայի
τελευταία	հրատարակությունն
τελευταίο	անկողին
τελος	ստուդիա
τενχάβε	թեն
τεράστιες	սառցե
τες	Այո
τεσσάρων	(Ծիածանին)
τετάρτη	.
τεται	արվեստ
τζάκι	քարե
τζέφρυ	գնացինք
τζορτζ	ջորջ
τη	այն
τηλεφωνήσω	կզանգեմ
τηλεφώνησε	պր
την	,
της	նրա
τι	ի՞նչ
τιμές	մեզ
τιμή	պատիվ
τιμήσεις	արքայական
τιμημένε	վեհազնիվ
τιμωρήθηκαν	պատժված
τιποτένιο	հաճույքի
τιποτένιοι	երդմնազանց
τις	նա
το	այդ
τοίχο	լցնում
τοίχος	Պարտեզի
τολμά	տղամարդ
τολμάει	դեմն
τολμάω	նայել
τολμήσω	կհանդգնեմ
τολμηρός	անողոք
τολμούσες	առավել
τολμώ	կհամարձակվեմ
τον	նրան
τος	ահա
του	իր
τους	նրանց
τούρκου	թուրքի
τούτα	այս
τούτη	վերջանար
τούτο	լինեի
τούτος	մարդը
τράβηξέ	քաշիր
τράγου	լյարդին
τράπεζα	բանկ
τρέλα	վախերն
τρέξε	.
τρέξει	երակները
τρέφω	հանդեպ
τρέχω	ջուլիետ
τρία	դրդում
τρίβει	տաքացնի
τρίχες	բարբառումից
τραβάς	.
τραβάω	հանում
τραβώντας	սատկած
τραγική	դիպվածն
τραγουδάει	աններդաշնակ
τραγούδι	ականջները
τρανέ	օ~հ
τρανή	կունենար
τρανό	արժանավոր
τρανός	մեծ
τραπέζι	լեցուն
τραπέζια	գիշերներն
τραπεζιού	զվարթության
τρατιώτης	երկյուղ
τραυματίστηκες	վիրավո՞ր
τραχιά	հայացքդ
τραύματα	երեկոյան
τρεις	երեք
τρελάθηκε	մյուսները
τρελάθηκες	.
τρελή	Փնթփնթան
τρελαθούμε	ցնորվել
τρελούς	փոշի
τρελόχορτο	կերել
τριάντα	Գիշեր
τριγυρνούσαν	գնացած
τριζόνια	լսեցի
τρομάζει	էությունից
τρομάξει	տոնախմբությանը
τρομάξεις	երկյուղից
τρομαγμένος	թռչում
τρομερά	արարմունքն
τρομερές	գալիքի
τρομερό	.
τροφή	ուտելիք
τροφής	ուրախացած
τροχοί	կառքի
τρούντυ	տրուդին
τρυπάνε	բթամատերիս
τρυφερή	լսես
τρόμαξα	չվախեցրի
τρόμο	աղոթք
τρόπο	մխիթարեցիր
τρόπος	մայիսն
τρόπους	ողջույնի
τσίμπημα	սղոսկուկի
τσακωθεί	Նշանածի
τσακώθηκες	հիշում
τσακώνομαι	ավանդում
τσιγάρο	ծխե՞ք
τσιγκουνεύεσαι	խոսիր
τσουλιά	ընկերուհիներից
τυβάλτε	տիբալտ
τυβάλτο	տիբալտին
τυβάλτος	տիբալտը
τυβάλτου	կյանքին
τυλιγμένος	Պառկած
τυραννία	անդադար
τυχαία	գիտեմ
τυχερό	հաջողակ
των	`
τόκος	Տոկոսադրույքն
τόκους	ճշտորեն
τόλμη	ջարդելով
τόλμησε	հանդգնություն
τόμοι	հատորները
τόξο	.
τόπο	բերել
τόπος	դժոխն
τόσες	մեկ
τόση	Ռոզալինը
τόσο	այնքան
τότε	.
τύμπανα	.
τύπα	թըխկ
τύπος	էր
τύπους	բլա
τύραννε	նզովյալ
τύραννος	բռնակալը
τύχει	ազգակիցներից
τύχη	նզովյալ
τώρα	հիմա
υγεία	բեր
υγειά	կենացը
υγρές	սանձերը
υγρό	խմիր
υμνούν	պաշտպան
υνατά	սովորույթի
υπάρχει	մխիթարիչ
υπάρχεις	գոյություն
υπάρχουν	ասում
υπάρχω	կանգնած
υπέγραψα	կինոգրաֆի
υπέροχη	սարք
υπήκοός	զի
υπήρξαν	քանիցս
υπήρξε	ուրիշը
υπήρχαν	նախկինում
υπήρχε	լուրի
υπαγόρευσα	վաղվա
υπαρκτό	նման
υπαρχόντων	գույքագրվել
υπενθυμίσατε	քաշում
υπενθύμιση	անուշիկ
υπερβολική	պատճառում
υπερπηδάει	ոստյուն
υπερτερεί	գերազանցում
υπηρέτες	ծառաներիդ
υπηρέτη	ծառային
υπηρέτης	թերի
υπηρέτησε	ծառայել
υπηρεσίες	խոնարհ
υπηρετώ	վիճում
υπογραφή	Ստորագրությո՞ւն
υποθέτω	անգամը
υποκριτές	ոչնչություն
υποκύψω	հանձնվի
υπομονή	բնությամբ
υποπτευθήκατε	կռահում
υποσχέθηκαν	խոստացվեց
υποσχέσου	համաձայնություն
υποτιμήσω	մրցեի
υποτιτλισμος	օլիվիա
υποψία	կասկածանք
υπό	որոնց
υπόγειο	հատակին
υπόθεσή	պահանջելու
υπόθεση	պարտքը
υπόλοιπές	զգայարաններիս
υπόλοιπες	քաշեմ
υπόσχεση	խոստում
υψηλότατε	արքայազն
φ	`սարքում
φάγαμε	արմտիք
φάιφ	թենը
φάλτσα	ճիչեր
φάνε	շատ
φάνηκε	ամուսնանար
φάνηκες	գունատվեցիք
φάω	ճաշեմ
φέγγει	ընտրում
φέρε	Բերեք
φέρει	գերդաստանների
φέρεσαι	վայրի
φέρεται	հարգալից
φέρθηκε	պր
φέρθηκες	կորոշեմ
φέρνει	թեկուզ
φέρνετε	մեկն
φέρουμε	կհաշտեցնենք
φέρτε	զենք
φέρω	պատվել
φέτος	տարի
φήμη	համբավն
φίδι	որդն
φίλε	ընկեր
φίλο	շրջապատում
φίλοι	բարեկամներ
φίλος	.
φίλου	ընկեր
φίλους	բազում
φαίνεσαι	Ուրախ
φαίνεστε	արտաքուստ
φαίνεται	թվաց
φαγητό	վարձը
φαγουρίζουν	.
φαινόταν	մարմնեղ
φαν	վան
φανούν	տարի
φαντάζεσαι	հաստատ
φαντάζομαι	տուգանքի
φαντάσματα	զավակներիս
φανταζόμουν	Մի՞թե
φανταζόταν	կմտածեր
φαντασίας	.
φαντασιώσεις	ահը
φανταστείς	վիրավորել
φανταστικά	պատրա՞նք
φανταστώ	չէ
φανώ	անհամեստ
φαρμάκι	թմրած
φαρμακερό	անատամ
φας	ուտել
φασαρία	եղել
φασαρίες	տարի
φεγγάρι	.
φερθείς	խելքը
φερθείτε	խելացի
φεύγει	ինքը
φεύγεις	եք
φεύγετε	ասող
φεύγουμε	չափեն
φεύγω	կիջնեմ
φθινόπωρο	աճեցնում
φιαλίδιο	սրվակն
φιδιού	օձի
φιλάει	տար
φιλήσω	տղեկ
φιλί	ընդունեք
φιλιά	անրջում
φιλμ	արդյունքներն
φιλοδοξία	զուրկ
φιλοδοξίες	հավակնող
φιλοξενούμενοί	հյուրընկալությունն
φιλούν	ձգվում
φιορίνια	գուլդեն
φιορινιών	պարտատերը
φλάχερτυ	նախաբանը
φλέβες	պաղ
φλιν	ֆլինսը
φλινς	խույս
φλόγα	կոխել
φλύαρη	քաշիր
φοβάμαι	երկնչում
φοβάσαι	անհոգ
φοβάστε	ոտքի
φοβήθηκα	երևի
φοβερή	ֆիլմերը
φοβερός	պայթում
φοβηθώ	աղետից
φοβισμένη	գայլի
φοβόμαστε	իմանա
φοβόταν	վախ
φονιά	դուռն
φονιάδες	մարդասպաններն
φονιάς	կարծում
φονικό	առնենք
φορά	անգամ
φοράς	խնամքով
φορές	անգամ
φορέσουμε	հագնվենք
φορέσω	դիմակ
φορούσα	տղաներ
φορώντας	Ստրուկն
φουσκάλες	Մաբը
φράξτε	մաղձով
φράχτης	պատը
φρέσκο	հասարակությունը
φρίκη	արհավիրք
φραγκίσκο	ֆրանցիսկուսի
φρικαλέα	զարհուրելի
φρικτή	ուրու
φρικτό	հրեշավոր
φροντίδα	ոչ
φροντίζει	տանում
φροντίσουμε	Հյուրին
φροντίσω	.
φρουρό	կոչնակն
φρόντισε	արա
φρύδια	այտեր
φτάνει	.
φτάσει	հասել
φταίτε	ձայն
φταίω	այ
φτερά	թևով
φτερό	այծի
φτηνά	այսչափ
φτιάξουμε	Մխիթարվիր
φτιάξουν	ձնե
φτωχή	խեղճ
φτωχικό	ներս
φτωχός	Խեղճ
φτωχών	պատուհասը
φυγή	արարքներն
φυλάει	արքային
φυλάξει	պստլիկ
φυλακές	նետվո՞ւմ
φυσάει	քշել
φυσικ	կողերիս
φυσικά	հարկե
φυτρώνουν	հազվադեպ
φωλιά	վարակի
φωνάζει	.
φωνάξουν	պատռելով
φωνάξτε	գնացեք
φωνές	աղմո՞ւկ
φωνή	գեղգեղանք
φωναχτές	շունչ
φως	լույսը
φωτίζει	ավելի
φωτιά	խարո՞ւյկ
φόβο	երկյուղը
φόβοι	Եկյուղս
φόβος	դրանում
φόβου	դառել
φόβους	փակ
φόνο	դիտավորյալ
φόνος	ջարդել
φόρεσε	գիշերազգեստդ
φόρεστερ	ֆորեստե՛ր
φύγε	փախիր
φύγεις	արդեն
φύγετε	ազատելու
φύγουμε	կաց
φύγουν	ցրվեք
φύγω	գնամ
φύλακας	դատողության
φύλαξέ	պահիր
φύλλο	աշունքին
φύσα	փչի
φύση	երկյուղում
φύσης	բնության
φύτεψαν	Պատերազմից
φώκια	փոքրիկ
φώκιας	փոկի
φώκιες	խորանալ
φώναξέ	անբան
φώναξαν	բղավում
φώναξε	այդպես
χάθηκαν	կորան
χάθηκε	անցավ
χάλασες	խաթարեցիր
χάλια	տանի
χάνεται	նվիրում
χάνονται	մութ
χάντρες	կոնֆետների
χάρη	հաճո
χάρηκα	հաճելի
χάριζες	հաճես
χάρισέ	նախնական
χάρισμά	արդեն
χάρου	դրոշը
χάσει	կյանքն
χάσεις	չթողես
χάσκυ	ձագուկին
χάσου	հեյ
χάσουν	հավատը
χάσω	կկորցեմ
χέρι	ձեռքը
χέρια	զբաղվելու
χέρσα	ի
χήνες	սագե՞ր
χήρες	ճչոցն
χίλιες	հազար
χαίρε	կեցցե
χαίρετε	.
χαίρομαι	լսել
χαθεί	պարզվի
χαθείς	ծանր
χαιρέτησαν	ողջունեցին
χαιρέτησε	չդողաց
χαιρέτισαν	մարգարեաբար
χαιρετά	արժան
χαιρετάτε	ողջունեցիք
χαιρετήσει	տիտղոսով
χαιρετισμούς	ողջունում
χαιρετισμός	գալիք
χαλάζι	իրարու
χαλάς	ողջն
χαμένη	արգելված
χαμογέλασε	կռվին
χαμογελά	արնաներկ
χαμογελαστή	Ժպտերեսը
χαμό	չափազանց
χαμόγελα	դաշույններ
χαμόγελο	ժպիտն
χαντάκι	փոսում
χαοτικό	անցնելը
χαρά	զվարթության
χαράς	նույնչափ
χαρίσει	բերի
χαρίσω	մատնեմ
χαραγή	վախճանի
χαραγμένες	մոռացության
χαρακτηρίζουν	մելամաղձոտ
χαρακτηρας	խառնվածք
χαραμάδες	բացերը
χαροποιήσω	ընկնելով
χαρούμενη	հաճելի
χαρούμενος	այդ
χατίρι	կացեք
χαυλιόδοντα	խայծ
χαυλιόδοντες	արձակել
χείλη	շուրթեր
χειμώνα	ձմեռային
χειραψία	ջերմ
χειροκροτούσα	որոտընդոստ
χειροκροτούσε	արձագանքն
χειροτέρεψε	վատացել
χειροτερεύει	կվատանա
χειρότερα	վատ
χειρότερες	.
χειρότερο	իմանամ
χεριών	գույնի
χιλιάδες	հազար
χιονοθύελλας	ամենի
χιούμορ	ազնիվ
χιόνι	իգլուի
χλωμή	զարթնելով
χλωμός	.
χνάρια	Երասանները
χολή	դառը
χονδροειδές	կեցվածք
χορέψεις	պար
χορέψουμε	պարում
χορέψουν	պետք
χορό	Ցնծա
χρέη	կուտակել
χρέος	Պարտքը
χρήμα	կունենա
χρήματα	գումարով
χρήσιμος	կգա
χρειάζεται	անհրաժեշտություն
χρειάζομαι	այլևս
χρειάστηκαν	Նրանք
χρειαζόμαστε	Նրանից
χρειαστεί	Անհրաժեշտ
χρειαστείς	Իմաց
χρειαστείτε	հարցեր
χρεοκοπήσαμε	սնանկացել
χρεωθεί	թաթախված
χρεωκοπήσεις	սնանկանաս
χρεωκοπήσω	հայտարարելը
χρεωκοπία	ծախսերի
χρεών	բանկային
χρημάτων	վերցնել
χρηματιστηριου	փլուզում
χρησιμοποιεί	մամուռից
χρησιμοποιούν	ճարպ
χρησιμοποιούσα	գործեմ
χριστέ	եբ
χριστιανοσύνη	չկան
χριστιανών	հոգիները
χριστός	օհ
χρυσές	մարդոց
χρυσαφένιο	ոսկե
χρωκοπείς	չեմ
χρωστάει	կյանքի
χρωστάω	վարկից
χρωστούσα	թեև
χρόνια	անցնի
χρόνο	տարի
χρόνος	տարի
χρόνου	կունենամ
χρώμα	Ձեռքերն
χρώματα	արհեստի
χτίσιμο	կառուցելը
χτενίστε	երկրով
χτες	երեկոյի
χτυπά	բան
χτυπάει	այդպես
χτυπάτε	արթնության
χτυπήθηκα	վիրավոր
χτυπήθηκαν	մորթել
χτυπήματα	արթնացնեիր
χτυπήσει	դեսուդեն
χτυπήσω	վախկոտ
χτύπα	թըխկ
χτύπημα	գրոհով
χτύπησε	չխաթարե՞ց
χτύπος	.
χυδαία	անպատիվ
χυνόταν	ուղեղը
χωρίζει	իրարից
χωρίζουμε	Բաժանումն
χωρίς	առանց
χωρίσω	բաժանել
χωρισμένη	Միմյանցից
χωριστείτε	ցրվենք
χόλιγουντ	բարձրանա
χόρτασα	ճաշակել
χώμα	պտղաբեր
χώνεψη	մարսողություն
χώρα	շներին
χώρο	բացեցի
ψάξαμε	օթևան
ψάξε	փնտրեք
ψάρεμα	փնտրում
ψάχνει	ձկնորսության
ψάχνεις	չեք
ψάχνετε	փննտրում
ψάχνουν	ընթրիքը
ψέμα	կդարձնի
ψέματα	.
ψήνει	հյուսում
ψήσε	եփվի
ψαρά	հասցնում
ψαρέματος	սաղմոններ
ψαριά	Օրվա
ψευτοθάνηδες	թեներ
ψεύτες	խաբեբաները
ψεύτη	երեկ
ψεύτικη	դավադրության
ψεύτικος	կեղծես
ψιθυρίσω	դիմակ
ψυχές	զոհը
ψυχή	հոգին
ψυχαγωγεί	զվարճեցնել
ψυχικό	ընկած
ψωνίζω	շուկայից
ψόφα	սովահար
ψόφησε	ծպտուն
ψύξτε	զորեղ
ω	օհ
ωκεανός	օվկիաններն
ωραία	բարի
ωραίο	բայց
ωραιότερο	բախտավորն
ωριμάζει	հասունանալով
ως	մինչև
ωχ	ուֆ
ωχρή	խակ
ό	բաներ
ό,τι	ինչ
όλα	ամեն
όλες	բոլոր
όλη	ողջ
όλο	ավելի
όλοι	Բոլորը
όλου	դաշտի
όλους	ամենքիս
όλων	սկսվեր
όμοια	կարենայի
όμορφά	սիրուններին
όμορφη	կույսը
όμορφο	ամենասիրուն
όμορφος	նաև
όμως	սակայն
όνειρα	երազների
όνειρο	ինչու
όνομά	.
όνομα	անունը
όντα	իսկապես
όπλα	զենքերը
όποια	տեսք
όποιος	ծաղրում
όποτε	ամեն
όπου	,
όπως	Ինչպես
όρακ	Ագառվն
όραμά	հիշելով
όραμα	տեսիլ
όραση	հասու
όργανα	գայթակղում
όρεξη	ախորժակ
όρια	որքան
όρκο	երդվես
όρκος	կայացրել
όρο	պայմանին
όρος	կար
όσα	զորքերը
όση	խորն
όσμου	աշխարհի
όσο	չէ
όσοι	հավատում
όσους	ահից
όσχεση	ճշմարտությամբ
όταν	եբ
ότι	որ
όχθη	սպանությունն
όχι	ոչ
όχλου	ծաղրի
όψη	բնակիչներ
ύπαρξη	գեղեցկություն
ύπνο	մորթեց
ύπνος	քնես
ύπνου	բնից
ύποπτος	կասկածվում
ύστερα	ես
ύφος	ապիկար
ύψη	բարձրությունից
ύψιστης	նշան
ώρα	ժամ
ώρες	ադպես
ώριμος	հասել
ώσπου	ձին
ώστε	որ
